"departureDate","returnDate","price","holiday","daysBeforeDeparture","origin","destination"
52,54,20,"u",180,14,42
52,54,20,"u",179,14,42
52,54,20,"u",178,14,42
52,54,20,"u",177,14,42
52,54,20,"u",176,14,42
52,54,20,"u",175,14,42
52,54,20,"u",174,14,42
52,54,20,"u",173,14,42
52,54,20,"u",172,14,42
52,54,20,"u",171,14,42
52,54,20,"u",170,14,42
52,54,20,"u",169,14,42
52,54,20,"u",168,14,42
52,54,20,"u",167,14,42
52,54,20,"u",166,14,42
52,54,20,"u",165,14,42
52,54,20,"u",164,14,42
52,54,20,"u",163,14,42
52,54,20,"u",162,14,42
52,54,20,"u",161,14,42
52,54,20,"u",160,14,42
52,54,20,"u",159,14,42
52,54,20,"u",158,14,42
52,54,20,"u",157,14,42
52,54,20,"u",156,14,42
52,54,20,"u",155,14,42
52,54,20,"u",154,14,42
52,54,20,"u",153,14,42
52,54,20,"u",152,14,42
52,54,20,"u",151,14,42
52,54,20,"u",150,14,42
52,54,20,"u",149,14,42
52,54,20,"u",148,14,42
52,54,20,"u",147,14,42
52,54,20,"u",146,14,42
52,54,20,"u",145,14,42
52,54,20,"u",144,14,42
52,54,20,"u",143,14,42
52,54,20,"u",142,14,42
52,54,20,"u",141,14,42
52,54,20,"u",140,14,42
52,54,20,"u",139,14,42
52,54,20,"u",138,14,42
52,54,20,"u",137,14,42
52,54,20,"u",136,14,42
52,54,20,"u",135,14,42
52,54,20,"u",134,14,42
52,54,20,"u",133,14,42
52,54,20,"u",132,14,42
52,54,20,"u",131,14,42
52,54,20,"u",130,14,42
52,54,20,"u",129,14,42
52,54,20,"u",128,14,42
52,54,20,"u",127,14,42
52,54,20,"u",126,14,42
52,54,20,"u",125,14,42
52,54,20,"u",124,14,42
52,54,20,"u",123,14,42
52,54,20,"u",122,14,42
52,54,20,"u",121,14,42
52,54,20,"u",120,14,42
52,54,20,"u",119,14,42
52,54,20,"u",118,14,42
52,54,20,"u",117,14,42
52,54,20,"u",116,14,42
52,54,20,"u",115,14,42
52,54,20,"u",114,14,42
52,54,20,"u",113,14,42
52,54,20,"u",112,14,42
52,54,20,"u",111,14,42
52,54,20,"u",110,14,42
52,54,20,"u",109,14,42
52,54,20,"u",108,14,42
52,54,20,"u",107,14,42
52,54,20,"u",106,14,42
52,54,20,"u",105,14,42
52,54,20,"u",104,14,42
52,54,20,"u",103,14,42
52,54,20,"u",102,14,42
52,54,20,"u",101,14,42
52,54,20,"u",100,14,42
52,54,20,"u",99,14,42
52,54,20,"u",98,14,42
52,54,20,"u",97,14,42
52,54,20,"u",96,14,42
52,54,22,"u",95,14,42
52,54,20,"u",94,14,42
52,54,27,"u",93,14,42
52,54,27,"u",92,14,42
52,54,28,"u",91,14,42
52,54,28,"u",90,14,42
52,54,32,"u",89,14,42
52,54,32,"u",88,14,42
52,54,32,"u",87,14,42
52,54,32,"u",86,14,42
52,54,27,"u",85,14,42
52,54,32,"u",84,14,42
52,54,32,"u",83,14,42
52,54,32,"u",82,14,42
52,54,30,"u",81,14,42
52,54,30,"u",80,14,42
52,54,30,"u",79,14,42
52,54,30,"u",78,14,42
52,54,22,"u",77,14,42
52,54,30,"u",76,14,42
52,54,32,"u",75,14,42
52,54,30,"u",74,14,42
52,54,30,"u",73,14,42
52,54,32,"u",72,14,42
52,54,32,"u",71,14,42
52,54,22,"u",70,14,42
52,54,32,"u",69,14,42
52,54,32,"u",68,14,42
52,54,32,"u",67,14,42
52,54,32,"u",66,14,42
52,54,32,"u",65,14,42
52,54,32,"u",64,14,42
52,54,32,"u",63,14,42
52,54,32,"u",62,14,42
52,54,32,"u",61,14,42
52,54,32,"u",60,14,42
52,54,32,"u",59,14,42
52,54,32,"u",58,14,42
52,54,32,"u",57,14,42
52,54,32,"u",56,14,42
52,54,30,"u",55,14,42
52,54,32,"u",54,14,42
52,54,32,"u",53,14,42
52,54,32,"u",52,14,42
52,54,32,"u",51,14,42
52,54,32,"u",50,14,42
52,54,30,"u",49,14,42
52,54,32,"u",48,14,42
52,54,35,"u",47,14,42
52,54,34,"u",46,14,42
52,54,34,"u",45,14,42
52,54,34,"u",44,14,42
52,54,32,"u",43,14,42
52,54,32,"u",42,14,42
52,54,34,"u",41,14,42
52,54,37,"u",40,14,42
52,54,37,"u",39,14,42
52,54,37,"u",38,14,42
52,54,37,"u",37,14,42
52,54,41,"u",36,14,42
52,54,41,"u",35,14,42
52,54,41,"u",34,14,42
52,54,38,"u",33,14,42
52,54,41,"u",32,14,42
52,54,41,"u",31,14,42
52,54,41,"u",30,14,42
52,54,41,"u",29,14,42
52,54,41,"u",28,14,42
52,54,38,"u",27,14,42
52,54,41,"u",26,14,42
52,54,37,"u",25,14,42
52,54,41,"u",24,14,42
52,54,41,"u",23,14,42
52,54,41,"u",22,14,42
52,54,41,"u",21,14,42
52,54,39,"u",20,14,42
52,54,41,"u",19,14,42
52,54,32,"u",18,14,42
52,54,36,"u",17,14,42
52,54,36,"u",16,14,42
52,54,32,"u",15,14,42
52,54,41,"u",14,14,42
52,54,42,"u",13,14,42
52,54,37,"u",12,14,42
52,54,35,"u",11,14,42
52,54,36,"u",10,14,42
52,54,35,"u",9,14,42
52,54,36,"u",8,14,42
52,54,38,"u",7,14,42
52,54,36,"u",6,14,42
52,54,34,"u",5,14,42
52,54,38,"u",4,14,42
52,54,37,"u",3,14,42
52,54,45,"u",2,14,42
52,54,41,"u",1,14,42
52,55,20,"u",180,14,42
52,55,20,"u",179,14,42
52,55,20,"u",178,14,42
52,55,20,"u",177,14,42
52,55,20,"u",176,14,42
52,55,20,"u",175,14,42
52,55,20,"u",174,14,42
52,55,20,"u",173,14,42
52,55,20,"u",172,14,42
52,55,20,"u",171,14,42
52,55,20,"u",170,14,42
52,55,20,"u",169,14,42
52,55,20,"u",168,14,42
52,55,20,"u",167,14,42
52,55,20,"u",166,14,42
52,55,20,"u",165,14,42
52,55,20,"u",164,14,42
52,55,20,"u",163,14,42
52,55,20,"u",162,14,42
52,55,20,"u",161,14,42
52,55,20,"u",160,14,42
52,55,20,"u",159,14,42
52,55,20,"u",158,14,42
52,55,20,"u",157,14,42
52,55,20,"u",156,14,42
52,55,20,"u",155,14,42
52,55,20,"u",154,14,42
52,55,20,"u",153,14,42
52,55,20,"u",152,14,42
52,55,20,"u",151,14,42
52,55,20,"u",150,14,42
52,55,20,"u",149,14,42
52,55,20,"u",148,14,42
52,55,20,"u",147,14,42
52,55,20,"u",146,14,42
52,55,20,"u",145,14,42
52,55,20,"u",144,14,42
52,55,20,"u",143,14,42
52,55,20,"u",142,14,42
52,55,20,"u",141,14,42
52,55,20,"u",140,14,42
52,55,20,"u",139,14,42
52,55,20,"u",138,14,42
52,55,20,"u",137,14,42
52,55,20,"u",136,14,42
52,55,20,"u",135,14,42
52,55,20,"u",134,14,42
52,55,20,"u",133,14,42
52,55,20,"u",132,14,42
52,55,20,"u",131,14,42
52,55,20,"u",130,14,42
52,55,20,"u",129,14,42
52,55,20,"u",128,14,42
52,55,20,"u",127,14,42
52,55,20,"u",126,14,42
52,55,20,"u",125,14,42
52,55,20,"u",124,14,42
52,55,20,"u",123,14,42
52,55,20,"u",122,14,42
52,55,20,"u",121,14,42
52,55,20,"u",120,14,42
52,55,20,"u",119,14,42
52,55,20,"u",118,14,42
52,55,20,"u",117,14,42
52,55,20,"u",116,14,42
52,55,20,"u",115,14,42
52,55,20,"u",114,14,42
52,55,20,"u",113,14,42
52,55,20,"u",112,14,42
52,55,20,"u",111,14,42
52,55,20,"u",110,14,42
52,55,20,"u",109,14,42
52,55,20,"u",108,14,42
52,55,20,"u",107,14,42
52,55,20,"u",106,14,42
52,55,20,"u",105,14,42
52,55,20,"u",104,14,42
52,55,20,"u",103,14,42
52,55,20,"u",102,14,42
52,55,20,"u",101,14,42
52,55,20,"u",100,14,42
52,55,20,"u",99,14,42
52,55,20,"u",98,14,42
52,55,20,"u",97,14,42
52,55,20,"u",96,14,42
52,55,20,"u",95,14,42
52,55,20,"u",94,14,42
52,55,20,"u",93,14,42
52,55,20,"u",92,14,42
52,55,18,"u",91,14,42
52,55,18,"u",90,14,42
52,55,22,"u",89,14,42
52,55,22,"u",88,14,42
52,55,22,"u",87,14,42
52,55,22,"u",86,14,42
52,55,22,"u",85,14,42
52,55,22,"u",84,14,42
52,55,22,"u",83,14,42
52,55,22,"u",82,14,42
52,55,22,"u",81,14,42
52,55,22,"u",80,14,42
52,55,22,"u",79,14,42
52,55,22,"u",78,14,42
52,55,22,"u",77,14,42
52,55,22,"u",76,14,42
52,55,22,"u",75,14,42
52,55,22,"u",74,14,42
52,55,22,"u",73,14,42
52,55,22,"u",72,14,42
52,55,22,"u",71,14,42
52,55,22,"u",70,14,42
52,55,27,"u",69,14,42
52,55,30,"u",68,14,42
52,55,30,"u",67,14,42
52,55,22,"u",66,14,42
52,55,30,"u",65,14,42
52,55,30,"u",64,14,42
52,55,30,"u",63,14,42
52,55,22,"u",62,14,42
52,55,30,"u",61,14,42
52,55,30,"u",60,14,42
52,55,30,"u",59,14,42
52,55,30,"u",58,14,42
52,55,30,"u",57,14,42
52,55,30,"u",56,14,42
52,55,30,"u",55,14,42
52,55,30,"u",54,14,42
52,55,30,"u",53,14,42
52,55,30,"u",52,14,42
52,55,30,"u",51,14,42
52,55,30,"u",50,14,42
52,55,30,"u",49,14,42
52,55,30,"u",48,14,42
52,55,32,"u",47,14,42
52,55,32,"u",46,14,42
52,55,32,"u",45,14,42
52,55,32,"u",44,14,42
52,55,32,"u",43,14,42
52,55,32,"u",42,14,42
52,55,34,"u",41,14,42
52,55,34,"u",40,14,42
52,55,34,"u",39,14,42
52,55,34,"u",38,14,42
52,55,34,"u",37,14,42
52,55,34,"u",36,14,42
52,55,34,"u",35,14,42
52,55,34,"u",34,14,42
52,55,34,"u",33,14,42
52,55,34,"u",32,14,42
52,55,34,"u",31,14,42
52,55,34,"u",30,14,42
52,55,34,"u",29,14,42
52,55,34,"u",28,14,42
52,55,38,"u",27,14,42
52,55,34,"u",26,14,42
52,55,34,"u",25,14,42
52,55,38,"u",24,14,42
52,55,41,"u",23,14,42
52,55,34,"u",22,14,42
52,55,37,"u",21,14,42
52,55,38,"u",20,14,42
52,55,41,"u",19,14,42
52,55,39,"u",18,14,42
52,55,39,"u",17,14,42
52,55,38,"u",16,14,42
52,55,39,"u",15,14,42
52,55,36,"u",14,14,42
52,55,35,"u",13,14,42
52,55,34,"u",12,14,42
52,55,30,"u",11,14,42
52,55,36,"u",10,14,42
52,55,33,"u",9,14,42
52,55,32,"u",8,14,42
52,55,34,"u",7,14,42
52,55,37,"u",6,14,42
52,55,34,"u",5,14,42
52,55,35,"u",4,14,42
52,55,35,"u",3,14,42
52,55,37,"u",2,14,42
52,55,34,"u",1,14,42
53,55,20,"u",180,14,42
53,55,20,"u",179,14,42
53,55,20,"u",178,14,42
53,55,20,"u",177,14,42
53,55,20,"u",176,14,42
53,55,20,"u",175,14,42
53,55,20,"u",174,14,42
53,55,20,"u",173,14,42
53,55,20,"u",172,14,42
53,55,20,"u",171,14,42
53,55,20,"u",170,14,42
53,55,20,"u",169,14,42
53,55,20,"u",168,14,42
53,55,20,"u",167,14,42
53,55,20,"u",166,14,42
53,55,20,"u",165,14,42
53,55,20,"u",164,14,42
53,55,20,"u",163,14,42
53,55,20,"u",162,14,42
53,55,20,"u",161,14,42
53,55,20,"u",160,14,42
53,55,20,"u",159,14,42
53,55,20,"u",158,14,42
53,55,20,"u",157,14,42
53,55,20,"u",156,14,42
53,55,20,"u",155,14,42
53,55,20,"u",154,14,42
53,55,20,"u",153,14,42
53,55,20,"u",152,14,42
53,55,20,"u",151,14,42
53,55,20,"u",150,14,42
53,55,20,"u",149,14,42
53,55,20,"u",148,14,42
53,55,20,"u",147,14,42
53,55,20,"u",146,14,42
53,55,20,"u",145,14,42
53,55,20,"u",144,14,42
53,55,20,"u",143,14,42
53,55,20,"u",142,14,42
53,55,20,"u",141,14,42
53,55,20,"u",140,14,42
53,55,20,"u",139,14,42
53,55,20,"u",138,14,42
53,55,20,"u",137,14,42
53,55,20,"u",136,14,42
53,55,20,"u",135,14,42
53,55,20,"u",134,14,42
53,55,20,"u",133,14,42
53,55,20,"u",132,14,42
53,55,20,"u",131,14,42
53,55,20,"u",130,14,42
53,55,20,"u",129,14,42
53,55,20,"u",128,14,42
53,55,20,"u",127,14,42
53,55,20,"u",126,14,42
53,55,20,"u",125,14,42
53,55,20,"u",124,14,42
53,55,20,"u",123,14,42
53,55,20,"u",122,14,42
53,55,20,"u",121,14,42
53,55,20,"u",120,14,42
53,55,20,"u",119,14,42
53,55,20,"u",118,14,42
53,55,20,"u",117,14,42
53,55,20,"u",116,14,42
53,55,20,"u",115,14,42
53,55,20,"u",114,14,42
53,55,20,"u",113,14,42
53,55,20,"u",112,14,42
53,55,20,"u",111,14,42
53,55,20,"u",110,14,42
53,55,20,"u",109,14,42
53,55,20,"u",108,14,42
53,55,20,"u",107,14,42
53,55,20,"u",106,14,42
53,55,20,"u",105,14,42
53,55,20,"u",104,14,42
53,55,20,"u",103,14,42
53,55,20,"u",102,14,42
53,55,20,"u",101,14,42
53,55,20,"u",100,14,42
53,55,20,"u",99,14,42
53,55,20,"u",98,14,42
53,55,20,"u",97,14,42
53,55,20,"u",96,14,42
53,55,20,"u",95,14,42
53,55,20,"u",94,14,42
53,55,20,"u",93,14,42
53,55,18,"u",92,14,42
53,55,18,"u",91,14,42
53,55,22,"u",90,14,42
53,55,22,"u",89,14,42
53,55,22,"u",88,14,42
53,55,22,"u",87,14,42
53,55,22,"u",86,14,42
53,55,22,"u",85,14,42
53,55,22,"u",84,14,42
53,55,22,"u",83,14,42
53,55,22,"u",82,14,42
53,55,22,"u",81,14,42
53,55,22,"u",80,14,42
53,55,22,"u",79,14,42
53,55,22,"u",78,14,42
53,55,22,"u",77,14,42
53,55,22,"u",76,14,42
53,55,22,"u",75,14,42
53,55,22,"u",74,14,42
53,55,24,"u",73,14,42
53,55,24,"u",72,14,42
53,55,24,"u",71,14,42
53,55,27,"u",70,14,42
53,55,33,"u",69,14,42
53,55,32,"u",68,14,42
53,55,27,"u",67,14,42
53,55,33,"u",66,14,42
53,55,32,"u",65,14,42
53,55,32,"u",64,14,42
53,55,27,"u",63,14,42
53,55,33,"u",62,14,42
53,55,33,"u",61,14,42
53,55,33,"u",60,14,42
53,55,33,"u",59,14,42
53,55,33,"u",58,14,42
53,55,33,"u",57,14,42
53,55,32,"u",56,14,42
53,55,33,"u",55,14,42
53,55,33,"u",54,14,42
53,55,33,"u",53,14,42
53,55,33,"u",52,14,42
53,55,33,"u",51,14,42
53,55,33,"u",50,14,42
53,55,36,"u",49,14,42
53,55,36,"u",48,14,42
53,55,36,"u",47,14,42
53,55,36,"u",46,14,42
53,55,36,"u",45,14,42
53,55,37,"u",44,14,42
53,55,37,"u",43,14,42
53,55,38,"u",42,14,42
53,55,38,"u",41,14,42
53,55,38,"u",40,14,42
53,55,38,"u",39,14,42
53,55,38,"u",38,14,42
53,55,38,"u",37,14,42
53,55,38,"u",36,14,42
53,55,38,"u",35,14,42
53,55,38,"u",34,14,42
53,55,38,"u",33,14,42
53,55,38,"u",32,14,42
53,55,38,"u",31,14,42
53,55,38,"u",30,14,42
53,55,38,"u",29,14,42
53,55,41,"u",28,14,42
53,55,38,"u",27,14,42
53,55,40,"u",26,14,42
53,55,43,"u",25,14,42
53,55,46,"u",24,14,42
53,55,43,"u",23,14,42
53,55,46,"u",22,14,42
53,55,44,"u",21,14,42
53,55,47,"u",20,14,42
53,55,40,"u",19,14,42
53,55,47,"u",18,14,42
53,55,44,"u",17,14,42
53,55,42,"u",16,14,42
53,55,41,"u",15,14,42
53,55,36,"u",14,14,42
53,55,39,"u",13,14,42
53,55,33,"u",12,14,42
53,55,38,"u",11,14,42
53,55,38,"u",10,14,42
53,55,33,"u",9,14,42
53,55,34,"u",8,14,42
53,55,41,"u",7,14,42
53,55,38,"u",6,14,42
53,55,37,"u",5,14,42
53,55,37,"u",4,14,42
53,55,39,"u",3,14,42
53,55,36,"u",2,14,42
53,55,36,"u",1,14,42
53,54,20,"u",180,14,42
53,54,20,"u",179,14,42
53,54,20,"u",178,14,42
53,54,20,"u",177,14,42
53,54,20,"u",176,14,42
53,54,20,"u",175,14,42
53,54,20,"u",174,14,42
53,54,20,"u",173,14,42
53,54,20,"u",172,14,42
53,54,20,"u",171,14,42
53,54,20,"u",170,14,42
53,54,20,"u",169,14,42
53,54,20,"u",168,14,42
53,54,20,"u",167,14,42
53,54,20,"u",166,14,42
53,54,20,"u",165,14,42
53,54,20,"u",164,14,42
53,54,20,"u",163,14,42
53,54,20,"u",162,14,42
53,54,20,"u",161,14,42
53,54,20,"u",160,14,42
53,54,20,"u",159,14,42
53,54,20,"u",158,14,42
53,54,20,"u",157,14,42
53,54,20,"u",156,14,42
53,54,20,"u",155,14,42
53,54,20,"u",154,14,42
53,54,20,"u",153,14,42
53,54,20,"u",152,14,42
53,54,20,"u",151,14,42
53,54,20,"u",150,14,42
53,54,20,"u",149,14,42
53,54,20,"u",148,14,42
53,54,20,"u",147,14,42
53,54,20,"u",146,14,42
53,54,20,"u",145,14,42
53,54,20,"u",144,14,42
53,54,20,"u",143,14,42
53,54,20,"u",142,14,42
53,54,20,"u",141,14,42
53,54,20,"u",140,14,42
53,54,20,"u",139,14,42
53,54,20,"u",138,14,42
53,54,20,"u",137,14,42
53,54,20,"u",136,14,42
53,54,20,"u",135,14,42
53,54,20,"u",134,14,42
53,54,20,"u",133,14,42
53,54,20,"u",132,14,42
53,54,20,"u",131,14,42
53,54,20,"u",130,14,42
53,54,20,"u",129,14,42
53,54,20,"u",128,14,42
53,54,20,"u",127,14,42
53,54,20,"u",126,14,42
53,54,20,"u",125,14,42
53,54,20,"u",124,14,42
53,54,20,"u",123,14,42
53,54,20,"u",122,14,42
53,54,20,"u",121,14,42
53,54,20,"u",120,14,42
53,54,20,"u",119,14,42
53,54,20,"u",118,14,42
53,54,20,"u",117,14,42
53,54,20,"u",116,14,42
53,54,20,"u",115,14,42
53,54,20,"u",114,14,42
53,54,20,"u",113,14,42
53,54,20,"u",112,14,42
53,54,20,"u",111,14,42
53,54,20,"u",110,14,42
53,54,20,"u",109,14,42
53,54,20,"u",108,14,42
53,54,20,"u",107,14,42
53,54,20,"u",106,14,42
53,54,20,"u",105,14,42
53,54,20,"u",104,14,42
53,54,20,"u",103,14,42
53,54,20,"u",102,14,42
53,54,20,"u",101,14,42
53,54,20,"u",100,14,42
53,54,20,"u",99,14,42
53,54,20,"u",98,14,42
53,54,20,"u",97,14,42
53,54,22,"u",96,14,42
53,54,20,"u",95,14,42
53,54,27,"u",94,14,42
53,54,27,"u",93,14,42
53,54,28,"u",92,14,42
53,54,28,"u",91,14,42
53,54,30,"u",90,14,42
53,54,32,"u",89,14,42
53,54,32,"u",88,14,42
53,54,32,"u",87,14,42
53,54,27,"u",86,14,42
53,54,32,"u",85,14,42
53,54,32,"u",84,14,42
53,54,32,"u",83,14,42
53,54,32,"u",82,14,42
53,54,32,"u",81,14,42
53,54,32,"u",80,14,42
53,54,32,"u",79,14,42
53,54,22,"u",78,14,42
53,54,32,"u",77,14,42
53,54,32,"u",76,14,42
53,54,32,"u",75,14,42
53,54,32,"u",74,14,42
53,54,32,"u",73,14,42
53,54,32,"u",72,14,42
53,54,24,"u",71,14,42
53,54,32,"u",70,14,42
53,54,33,"u",69,14,42
53,54,33,"u",68,14,42
53,54,33,"u",67,14,42
53,54,33,"u",66,14,42
53,54,32,"u",65,14,42
53,54,32,"u",64,14,42
53,54,33,"u",63,14,42
53,54,33,"u",62,14,42
53,54,33,"u",61,14,42
53,54,33,"u",60,14,42
53,54,33,"u",59,14,42
53,54,33,"u",58,14,42
53,54,33,"u",57,14,42
53,54,33,"u",56,14,42
53,54,33,"u",55,14,42
53,54,33,"u",54,14,42
53,54,33,"u",53,14,42
53,54,33,"u",52,14,42
53,54,33,"u",51,14,42
53,54,33,"u",50,14,42
53,54,38,"u",49,14,42
53,54,42,"u",48,14,42
53,54,42,"u",47,14,42
53,54,41,"u",46,14,42
53,54,41,"u",45,14,42
53,54,37,"u",44,14,42
53,54,37,"u",43,14,42
53,54,41,"u",42,14,42
53,54,42,"u",41,14,42
53,54,42,"u",40,14,42
53,54,42,"u",39,14,42
53,54,42,"u",38,14,42
53,54,45,"u",37,14,42
53,54,45,"u",36,14,42
53,54,45,"u",35,14,42
53,54,41,"u",34,14,42
53,54,45,"u",33,14,42
53,54,45,"u",32,14,42
53,54,45,"u",31,14,42
53,54,45,"u",30,14,42
53,54,45,"u",29,14,42
53,54,41,"u",28,14,42
53,54,45,"u",27,14,42
53,54,43,"u",26,14,42
53,54,43,"u",25,14,42
53,54,46,"u",24,14,42
53,54,46,"u",23,14,42
53,54,46,"u",22,14,42
53,54,47,"u",21,14,42
53,54,48,"u",20,14,42
53,54,39,"u",19,14,42
53,54,42,"u",18,14,42
53,54,42,"u",17,14,42
53,54,35,"u",16,14,42
53,54,48,"u",15,14,42
53,54,41,"u",14,14,42
53,54,40,"u",13,14,42
53,54,38,"u",12,14,42
53,54,40,"u",11,14,42
53,54,40,"u",10,14,42
53,54,38,"u",9,14,42
53,54,36,"u",8,14,42
53,54,37,"u",7,14,42
53,54,37,"u",6,14,42
53,54,37,"u",5,14,42
53,54,37,"u",4,14,42
53,54,45,"u",3,14,42
53,54,41,"u",2,14,42
53,54,47,"u",1,14,42
53,55,31,"u",180,14,44
53,55,44,"u",179,14,44
53,55,44,"u",178,14,44
53,55,44,"u",177,14,44
53,55,44,"u",176,14,44
53,55,37,"u",175,14,44
53,55,37,"u",174,14,44
53,55,27,"u",173,14,44
53,55,27,"u",172,14,44
53,55,37,"u",171,14,44
53,55,37,"u",170,14,44
53,55,36,"u",169,14,44
53,55,36,"u",168,14,44
53,55,36,"u",167,14,44
53,55,36,"u",166,14,44
53,55,36,"u",165,14,44
53,55,36,"u",164,14,44
53,55,33,"u",163,14,44
53,55,33,"u",162,14,44
53,55,33,"u",161,14,44
53,55,33,"u",160,14,44
53,55,36,"u",159,14,44
53,55,36,"u",158,14,44
53,55,36,"u",157,14,44
53,55,35,"u",156,14,44
53,55,33,"u",155,14,44
53,55,36,"u",154,14,44
53,55,35,"u",153,14,44
53,55,39,"u",152,14,44
53,55,39,"u",151,14,44
53,55,41,"u",150,14,44
53,55,37,"u",149,14,44
53,55,31,"u",148,14,44
53,55,35,"u",147,14,44
53,55,35,"u",146,14,44
53,55,35,"u",145,14,44
53,55,37,"u",144,14,44
53,55,37,"u",143,14,44
53,55,37,"u",142,14,44
53,55,37,"u",141,14,44
53,55,37,"u",140,14,44
53,55,37,"u",139,14,44
53,55,39,"u",138,14,44
53,55,37,"u",137,14,44
53,55,37,"u",136,14,44
53,55,39,"u",135,14,44
53,55,42,"u",134,14,44
53,55,39,"u",133,14,44
53,55,39,"u",132,14,44
53,55,31,"u",131,14,44
53,55,36,"u",130,14,44
53,55,36,"u",129,14,44
53,55,36,"u",128,14,44
53,55,40,"u",127,14,44
53,55,39,"u",126,14,44
53,55,38,"u",125,14,44
53,55,38,"u",124,14,44
53,55,38,"u",123,14,44
53,55,41,"u",122,14,44
53,55,38,"u",121,14,44
53,55,43,"u",120,14,44
53,55,38,"u",119,14,44
53,55,38,"u",118,14,44
53,55,47,"u",117,14,44
53,55,47,"u",116,14,44
53,55,47,"u",115,14,44
53,55,40,"u",114,14,44
53,55,37,"u",113,14,44
53,55,48,"u",112,14,44
53,55,47,"u",111,14,44
53,55,47,"u",110,14,44
53,55,47,"u",109,14,44
53,55,47,"u",108,14,44
53,55,48,"u",107,14,44
53,55,41,"u",106,14,44
53,55,47,"u",105,14,44
53,55,47,"u",104,14,44
53,55,47,"u",103,14,44
53,55,47,"u",102,14,44
53,55,50,"u",101,14,44
53,55,47,"u",100,14,44
53,55,47,"u",99,14,44
53,55,50,"u",98,14,44
53,55,47,"u",97,14,44
53,55,47,"u",96,14,44
53,55,47,"u",95,14,44
53,55,47,"u",94,14,44
53,55,47,"u",93,14,44
53,55,47,"u",92,14,44
53,55,47,"u",91,14,44
53,55,47,"u",90,14,44
53,55,47,"u",89,14,44
53,55,53,"u",88,14,44
53,55,47,"u",87,14,44
53,55,47,"u",86,14,44
53,55,47,"u",85,14,44
53,55,47,"u",84,14,44
53,55,53,"u",83,14,44
53,55,52,"u",82,14,44
53,55,47,"u",81,14,44
53,55,47,"u",80,14,44
53,55,47,"u",79,14,44
53,55,47,"u",78,14,44
53,55,47,"u",77,14,44
53,55,55,"u",76,14,44
53,55,55,"u",75,14,44
53,55,47,"u",74,14,44
53,55,55,"u",73,14,44
53,55,47,"u",72,14,44
53,55,47,"u",71,14,44
53,55,47,"u",70,14,44
53,55,47,"u",69,14,44
53,55,47,"u",68,14,44
53,55,51,"u",67,14,44
53,55,47,"u",66,14,44
53,55,47,"u",65,14,44
53,55,47,"u",64,14,44
53,55,47,"u",63,14,44
53,55,47,"u",62,14,44
53,55,50,"u",61,14,44
53,55,50,"u",60,14,44
53,55,55,"u",59,14,44
53,55,54,"u",58,14,44
53,55,50,"u",57,14,44
53,55,50,"u",56,14,44
53,55,50,"u",55,14,44
53,55,55,"u",54,14,44
53,55,50,"u",53,14,44
53,55,52,"u",52,14,44
53,55,56,"u",51,14,44
53,55,50,"u",50,14,44
53,55,50,"u",49,14,44
53,55,45,"u",48,14,44
53,55,45,"u",47,14,44
53,55,45,"u",46,14,44
53,55,45,"u",45,14,44
53,55,46,"u",44,14,44
53,55,50,"u",43,14,44
53,55,56,"u",42,14,44
53,55,57,"u",41,14,44
53,55,57,"u",40,14,44
53,55,50,"u",39,14,44
53,55,57,"u",38,14,44
53,55,57,"u",37,14,44
53,55,50,"u",36,14,44
53,55,58,"u",35,14,44
53,55,63,"u",34,14,44
53,55,52,"u",33,14,44
53,55,52,"u",32,14,44
53,55,58,"u",31,14,44
53,55,58,"u",30,14,44
53,55,58,"u",29,14,44
53,55,53,"u",28,14,44
53,55,53,"u",27,14,44
53,55,55,"u",26,14,44
53,55,48,"u",25,14,44
53,55,56,"u",24,14,44
53,55,60,"u",23,14,44
53,55,57,"u",22,14,44
53,55,60,"u",21,14,44
53,55,57,"u",20,14,44
53,55,51,"u",19,14,44
53,55,58,"u",18,14,44
53,55,58,"u",17,14,44
53,55,58,"u",16,14,44
53,55,62,"u",15,14,44
53,55,66,"u",14,14,44
53,55,65,"u",13,14,44
53,55,74,"u",12,14,44
53,55,74,"u",11,14,44
53,55,73,"u",10,14,44
53,55,73,"u",9,14,44
53,55,73,"u",8,14,44
53,55,69,"u",7,14,44
53,55,60,"u",6,14,44
53,55,53,"u",5,14,44
53,55,62,"u",4,14,44
53,55,66,"u",3,14,44
53,55,66,"u",2,14,44
53,55,75,"u",1,14,44
53,54,36,"u",180,14,44
53,54,44,"u",179,14,44
53,54,44,"u",178,14,44
53,54,44,"u",177,14,44
53,54,44,"u",176,14,44
53,54,37,"u",175,14,44
53,54,41,"u",174,14,44
53,54,37,"u",173,14,44
53,54,37,"u",172,14,44
53,54,41,"u",171,14,44
53,54,41,"u",170,14,44
53,54,37,"u",169,14,44
53,54,37,"u",168,14,44
53,54,37,"u",167,14,44
53,54,37,"u",166,14,44
53,54,37,"u",165,14,44
53,54,37,"u",164,14,44
53,54,35,"u",163,14,44
53,54,35,"u",162,14,44
53,54,35,"u",161,14,44
53,54,35,"u",160,14,44
53,54,37,"u",159,14,44
53,54,37,"u",158,14,44
53,54,37,"u",157,14,44
53,54,37,"u",156,14,44
53,54,37,"u",155,14,44
53,54,36,"u",154,14,44
53,54,36,"u",153,14,44
53,54,44,"u",152,14,44
53,54,44,"u",151,14,44
53,54,44,"u",150,14,44
53,54,41,"u",149,14,44
53,54,41,"u",148,14,44
53,54,41,"u",147,14,44
53,54,37,"u",146,14,44
53,54,41,"u",145,14,44
53,54,41,"u",144,14,44
53,54,47,"u",143,14,44
53,54,46,"u",142,14,44
53,54,46,"u",141,14,44
53,54,46,"u",140,14,44
53,54,47,"u",139,14,44
53,54,46,"u",138,14,44
53,54,46,"u",137,14,44
53,54,46,"u",136,14,44
53,54,47,"u",135,14,44
53,54,47,"u",134,14,44
53,54,39,"u",133,14,44
53,54,48,"u",132,14,44
53,54,35,"u",131,14,44
53,54,40,"u",130,14,44
53,54,40,"u",129,14,44
53,54,46,"u",128,14,44
53,54,46,"u",127,14,44
53,54,46,"u",126,14,44
53,54,45,"u",125,14,44
53,54,46,"u",124,14,44
53,54,46,"u",123,14,44
53,54,47,"u",122,14,44
53,54,47,"u",121,14,44
53,54,47,"u",120,14,44
53,54,47,"u",119,14,44
53,54,38,"u",118,14,44
53,54,47,"u",117,14,44
53,54,47,"u",116,14,44
53,54,47,"u",115,14,44
53,54,42,"u",114,14,44
53,54,37,"u",113,14,44
53,54,41,"u",112,14,44
53,54,47,"u",111,14,44
53,54,48,"u",110,14,44
53,54,47,"u",109,14,44
53,54,50,"u",108,14,44
53,54,47,"u",107,14,44
53,54,41,"u",106,14,44
53,54,47,"u",105,14,44
53,54,47,"u",104,14,44
53,54,50,"u",103,14,44
53,54,47,"u",102,14,44
53,54,47,"u",101,14,44
53,54,47,"u",100,14,44
53,54,50,"u",99,14,44
53,54,48,"u",98,14,44
53,54,50,"u",97,14,44
53,54,47,"u",96,14,44
53,54,47,"u",95,14,44
53,54,47,"u",94,14,44
53,54,47,"u",93,14,44
53,54,47,"u",92,14,44
53,54,47,"u",91,14,44
53,54,47,"u",90,14,44
53,54,47,"u",89,14,44
53,54,47,"u",88,14,44
53,54,47,"u",87,14,44
53,54,52,"u",86,14,44
53,54,47,"u",85,14,44
53,54,47,"u",84,14,44
53,54,47,"u",83,14,44
53,54,47,"u",82,14,44
53,54,47,"u",81,14,44
53,54,57,"u",80,14,44
53,54,51,"u",79,14,44
53,54,47,"u",78,14,44
53,54,47,"u",77,14,44
53,54,47,"u",76,14,44
53,54,57,"u",75,14,44
53,54,47,"u",74,14,44
53,54,55,"u",73,14,44
53,54,47,"u",72,14,44
53,54,47,"u",71,14,44
53,54,47,"u",70,14,44
53,54,47,"u",69,14,44
53,54,47,"u",68,14,44
53,54,47,"u",67,14,44
53,54,47,"u",66,14,44
53,54,47,"u",65,14,44
53,54,51,"u",64,14,44
53,54,51,"u",63,14,44
53,54,51,"u",62,14,44
53,54,51,"u",61,14,44
53,54,55,"u",60,14,44
53,54,55,"u",59,14,44
53,54,55,"u",58,14,44
53,54,51,"u",57,14,44
53,54,51,"u",56,14,44
53,54,55,"u",55,14,44
53,54,55,"u",54,14,44
53,54,55,"u",53,14,44
53,54,56,"u",52,14,44
53,54,55,"u",51,14,44
53,54,52,"u",50,14,44
53,54,55,"u",49,14,44
53,54,54,"u",48,14,44
53,54,54,"u",47,14,44
53,54,54,"u",46,14,44
53,54,54,"u",45,14,44
53,54,58,"u",44,14,44
53,54,50,"u",43,14,44
53,54,52,"u",42,14,44
53,54,53,"u",41,14,44
53,54,53,"u",40,14,44
53,54,55,"u",39,14,44
53,54,53,"u",38,14,44
53,54,57,"u",37,14,44
53,54,53,"u",36,14,44
53,54,65,"u",35,14,44
53,54,65,"u",34,14,44
53,54,48,"u",33,14,44
53,54,52,"u",32,14,44
53,54,54,"u",31,14,44
53,54,54,"u",30,14,44
53,54,58,"u",29,14,44
53,54,57,"u",28,14,44
53,54,55,"u",27,14,44
53,54,57,"u",26,14,44
53,54,55,"u",25,14,44
53,54,60,"u",24,14,44
53,54,67,"u",23,14,44
53,54,67,"u",22,14,44
53,54,62,"u",21,14,44
53,54,55,"u",20,14,44
53,54,58,"u",19,14,44
53,54,58,"u",18,14,44
53,54,58,"u",17,14,44
53,54,63,"u",16,14,44
53,54,62,"u",15,14,44
53,54,66,"u",14,14,44
53,54,75,"u",13,14,44
53,54,76,"u",12,14,44
53,54,76,"u",11,14,44
53,54,76,"u",10,14,44
53,54,76,"u",9,14,44
53,54,76,"u",8,14,44
53,54,74,"u",7,14,44
53,54,64,"u",6,14,44
53,54,58,"u",5,14,44
53,54,62,"u",4,14,44
53,54,66,"u",3,14,44
53,54,64,"u",2,14,44
53,54,71,"u",1,14,44
52,55,44,"u",180,14,44
52,55,31,"u",179,14,44
52,55,44,"u",178,14,44
52,55,44,"u",177,14,44
52,55,44,"u",176,14,44
52,55,44,"u",175,14,44
52,55,37,"u",174,14,44
52,55,37,"u",173,14,44
52,55,27,"u",172,14,44
52,55,27,"u",171,14,44
52,55,37,"u",170,14,44
52,55,37,"u",169,14,44
52,55,36,"u",168,14,44
52,55,36,"u",167,14,44
52,55,36,"u",166,14,44
52,55,36,"u",165,14,44
52,55,36,"u",164,14,44
52,55,36,"u",163,14,44
52,55,33,"u",162,14,44
52,55,33,"u",161,14,44
52,55,33,"u",160,14,44
52,55,33,"u",159,14,44
52,55,30,"u",158,14,44
52,55,36,"u",157,14,44
52,55,36,"u",156,14,44
52,55,33,"u",155,14,44
52,55,30,"u",154,14,44
52,55,34,"u",153,14,44
52,55,35,"u",152,14,44
52,55,39,"u",151,14,44
52,55,39,"u",150,14,44
52,55,41,"u",149,14,44
52,55,37,"u",148,14,44
52,55,27,"u",147,14,44
52,55,35,"u",146,14,44
52,55,35,"u",145,14,44
52,55,35,"u",144,14,44
52,55,35,"u",143,14,44
52,55,37,"u",142,14,44
52,55,37,"u",141,14,44
52,55,37,"u",140,14,44
52,55,37,"u",139,14,44
52,55,37,"u",138,14,44
52,55,37,"u",137,14,44
52,55,37,"u",136,14,44
52,55,37,"u",135,14,44
52,55,34,"u",134,14,44
52,55,39,"u",133,14,44
52,55,37,"u",132,14,44
52,55,36,"u",131,14,44
52,55,35,"u",130,14,44
52,55,35,"u",129,14,44
52,55,35,"u",128,14,44
52,55,35,"u",127,14,44
52,55,38,"u",126,14,44
52,55,36,"u",125,14,44
52,55,36,"u",124,14,44
52,55,36,"u",123,14,44
52,55,36,"u",122,14,44
52,55,40,"u",121,14,44
52,55,38,"u",120,14,44
52,55,41,"u",119,14,44
52,55,38,"u",118,14,44
52,55,38,"u",117,14,44
52,55,45,"u",116,14,44
52,55,45,"u",115,14,44
52,55,45,"u",114,14,44
52,55,46,"u",113,14,44
52,55,37,"u",112,14,44
52,55,43,"u",111,14,44
52,55,43,"u",110,14,44
52,55,43,"u",109,14,44
52,55,43,"u",108,14,44
52,55,43,"u",107,14,44
52,55,43,"u",106,14,44
52,55,39,"u",105,14,44
52,55,47,"u",104,14,44
52,55,47,"u",103,14,44
52,55,47,"u",102,14,44
52,55,47,"u",101,14,44
52,55,48,"u",100,14,44
52,55,43,"u",99,14,44
52,55,43,"u",98,14,44
52,55,43,"u",97,14,44
52,55,40,"u",96,14,44
52,55,40,"u",95,14,44
52,55,40,"u",94,14,44
52,55,40,"u",93,14,44
52,55,40,"u",92,14,44
52,55,43,"u",91,14,44
52,55,40,"u",90,14,44
52,55,44,"u",89,14,44
52,55,44,"u",88,14,44
52,55,47,"u",87,14,44
52,55,47,"u",86,14,44
52,55,47,"u",85,14,44
52,55,47,"u",84,14,44
52,55,47,"u",83,14,44
52,55,44,"u",82,14,44
52,55,47,"u",81,14,44
52,55,47,"u",80,14,44
52,55,47,"u",79,14,44
52,55,47,"u",78,14,44
52,55,47,"u",77,14,44
52,55,47,"u",76,14,44
52,55,48,"u",75,14,44
52,55,47,"u",74,14,44
52,55,47,"u",73,14,44
52,55,47,"u",72,14,44
52,55,47,"u",71,14,44
52,55,47,"u",70,14,44
52,55,47,"u",69,14,44
52,55,47,"u",68,14,44
52,55,47,"u",67,14,44
52,55,47,"u",66,14,44
52,55,47,"u",65,14,44
52,55,47,"u",64,14,44
52,55,47,"u",63,14,44
52,55,47,"u",62,14,44
52,55,47,"u",61,14,44
52,55,50,"u",60,14,44
52,55,50,"u",59,14,44
52,55,50,"u",58,14,44
52,55,50,"u",57,14,44
52,55,49,"u",56,14,44
52,55,49,"u",55,14,44
52,55,49,"u",54,14,44
52,55,50,"u",53,14,44
52,55,52,"u",52,14,44
52,55,52,"u",51,14,44
52,55,50,"u",50,14,44
52,55,50,"u",49,14,44
52,55,50,"u",48,14,44
52,55,41,"u",47,14,44
52,55,43,"u",46,14,44
52,55,43,"u",45,14,44
52,55,43,"u",44,14,44
52,55,43,"u",43,14,44
52,55,51,"u",42,14,44
52,55,53,"u",41,14,44
52,55,50,"u",40,14,44
52,55,53,"u",39,14,44
52,55,50,"u",38,14,44
52,55,53,"u",37,14,44
52,55,53,"u",36,14,44
52,55,50,"u",35,14,44
52,55,58,"u",34,14,44
52,55,59,"u",33,14,44
52,55,47,"u",32,14,44
52,55,49,"u",31,14,44
52,55,53,"u",30,14,44
52,55,54,"u",29,14,44
52,55,55,"u",28,14,44
52,55,51,"u",27,14,44
52,55,53,"u",26,14,44
52,55,55,"u",25,14,44
52,55,45,"u",24,14,44
52,55,53,"u",23,14,44
52,55,58,"u",22,14,44
52,55,57,"u",21,14,44
52,55,58,"u",20,14,44
52,55,56,"u",19,14,44
52,55,46,"u",18,14,44
52,55,53,"u",17,14,44
52,55,55,"u",16,14,44
52,55,55,"u",15,14,44
52,55,60,"u",14,14,44
52,55,60,"u",13,14,44
52,55,64,"u",12,14,44
52,55,67,"u",11,14,44
52,55,67,"u",10,14,44
52,55,67,"u",9,14,44
52,55,67,"u",8,14,44
52,55,65,"u",7,14,44
52,55,60,"u",6,14,44
52,55,61,"u",5,14,44
52,55,52,"u",4,14,44
52,55,61,"u",3,14,44
52,55,62,"u",2,14,44
52,55,76,"u",1,14,44
52,54,44,"u",180,14,44
52,54,36,"u",179,14,44
52,54,44,"u",178,14,44
52,54,44,"u",177,14,44
52,54,44,"u",176,14,44
52,54,44,"u",175,14,44
52,54,37,"u",174,14,44
52,54,41,"u",173,14,44
52,54,37,"u",172,14,44
52,54,37,"u",171,14,44
52,54,41,"u",170,14,44
52,54,41,"u",169,14,44
52,54,37,"u",168,14,44
52,54,37,"u",167,14,44
52,54,37,"u",166,14,44
52,54,37,"u",165,14,44
52,54,37,"u",164,14,44
52,54,37,"u",163,14,44
52,54,35,"u",162,14,44
52,54,35,"u",161,14,44
52,54,35,"u",160,14,44
52,54,35,"u",159,14,44
52,54,32,"u",158,14,44
52,54,37,"u",157,14,44
52,54,37,"u",156,14,44
52,54,35,"u",155,14,44
52,54,35,"u",154,14,44
52,54,34,"u",153,14,44
52,54,44,"u",152,14,44
52,54,44,"u",151,14,44
52,54,44,"u",150,14,44
52,54,44,"u",149,14,44
52,54,37,"u",148,14,44
52,54,37,"u",147,14,44
52,54,37,"u",146,14,44
52,54,37,"u",145,14,44
52,54,37,"u",144,14,44
52,54,37,"u",143,14,44
52,54,47,"u",142,14,44
52,54,46,"u",141,14,44
52,54,46,"u",140,14,44
52,54,46,"u",139,14,44
52,54,47,"u",138,14,44
52,54,46,"u",137,14,44
52,54,46,"u",136,14,44
52,54,46,"u",135,14,44
52,54,44,"u",134,14,44
52,54,46,"u",133,14,44
52,54,37,"u",132,14,44
52,54,45,"u",131,14,44
52,54,39,"u",130,14,44
52,54,39,"u",129,14,44
52,54,39,"u",128,14,44
52,54,44,"u",127,14,44
52,54,45,"u",126,14,44
52,54,44,"u",125,14,44
52,54,45,"u",124,14,44
52,54,45,"u",123,14,44
52,54,45,"u",122,14,44
52,54,47,"u",121,14,44
52,54,47,"u",120,14,44
52,54,45,"u",119,14,44
52,54,45,"u",118,14,44
52,54,38,"u",117,14,44
52,54,47,"u",116,14,44
52,54,47,"u",115,14,44
52,54,47,"u",114,14,44
52,54,46,"u",113,14,44
52,54,37,"u",112,14,44
52,54,39,"u",111,14,44
52,54,46,"u",110,14,44
52,54,46,"u",109,14,44
52,54,46,"u",108,14,44
52,54,47,"u",107,14,44
52,54,46,"u",106,14,44
52,54,39,"u",105,14,44
52,54,47,"u",104,14,44
52,54,47,"u",103,14,44
52,54,47,"u",102,14,44
52,54,47,"u",101,14,44
52,54,48,"u",100,14,44
52,54,47,"u",99,14,44
52,54,47,"u",98,14,44
52,54,48,"u",97,14,44
52,54,47,"u",96,14,44
52,54,47,"u",95,14,44
52,54,47,"u",94,14,44
52,54,47,"u",93,14,44
52,54,47,"u",92,14,44
52,54,47,"u",91,14,44
52,54,47,"u",90,14,44
52,54,47,"u",89,14,44
52,54,47,"u",88,14,44
52,54,50,"u",87,14,44
52,54,47,"u",86,14,44
52,54,47,"u",85,14,44
52,54,52,"u",84,14,44
52,54,47,"u",83,14,44
52,54,47,"u",82,14,44
52,54,49,"u",81,14,44
52,54,47,"u",80,14,44
52,54,47,"u",79,14,44
52,54,51,"u",78,14,44
52,54,47,"u",77,14,44
52,54,47,"u",76,14,44
52,54,49,"u",75,14,44
52,54,47,"u",74,14,44
52,54,47,"u",73,14,44
52,54,47,"u",72,14,44
52,54,47,"u",71,14,44
52,54,47,"u",70,14,44
52,54,47,"u",69,14,44
52,54,47,"u",68,14,44
52,54,47,"u",67,14,44
52,54,47,"u",66,14,44
52,54,47,"u",65,14,44
52,54,47,"u",64,14,44
52,54,51,"u",63,14,44
52,54,49,"u",62,14,44
52,54,47,"u",61,14,44
52,54,48,"u",60,14,44
52,54,52,"u",59,14,44
52,54,55,"u",58,14,44
52,54,59,"u",57,14,44
52,54,49,"u",56,14,44
52,54,49,"u",55,14,44
52,54,49,"u",54,14,44
52,54,50,"u",53,14,44
52,54,49,"u",52,14,44
52,54,50,"u",51,14,44
52,54,50,"u",50,14,44
52,54,50,"u",49,14,44
52,54,50,"u",48,14,44
52,54,50,"u",47,14,44
52,54,48,"u",46,14,44
52,54,50,"u",45,14,44
52,54,52,"u",44,14,44
52,54,51,"u",43,14,44
52,54,48,"u",42,14,44
52,54,52,"u",41,14,44
52,54,49,"u",40,14,44
52,54,51,"u",39,14,44
52,54,53,"u",38,14,44
52,54,53,"u",37,14,44
52,54,51,"u",36,14,44
52,54,53,"u",35,14,44
52,54,53,"u",34,14,44
52,54,62,"u",33,14,44
52,54,43,"u",32,14,44
52,54,49,"u",31,14,44
52,54,49,"u",30,14,44
52,54,50,"u",29,14,44
52,54,55,"u",28,14,44
52,54,57,"u",27,14,44
52,54,55,"u",26,14,44
52,54,57,"u",25,14,44
52,54,53,"u",24,14,44
52,54,58,"u",23,14,44
52,54,55,"u",22,14,44
52,54,66,"u",21,14,44
52,54,60,"u",20,14,44
52,54,53,"u",19,14,44
52,54,53,"u",18,14,44
52,54,53,"u",17,14,44
52,54,55,"u",16,14,44
52,54,58,"u",15,14,44
52,54,60,"u",14,14,44
52,54,60,"u",13,14,44
52,54,71,"u",12,14,44
52,54,71,"u",11,14,44
52,54,71,"u",10,14,44
52,54,71,"u",9,14,44
52,54,67,"u",8,14,44
52,54,70,"u",7,14,44
52,54,70,"u",6,14,44
52,54,62,"u",5,14,44
52,54,62,"u",4,14,44
52,54,61,"u",3,14,44
52,54,62,"u",2,14,44
52,54,70,"u",1,14,44
52,54,63,"u",180,39,20
52,54,63,"u",179,39,20
52,54,50,"u",178,39,20
52,54,50,"u",177,39,20
52,54,50,"u",176,39,20
52,54,50,"u",175,39,20
52,54,50,"u",174,39,20
52,54,50,"u",173,39,20
52,54,50,"u",172,39,20
52,54,50,"u",171,39,20
52,54,50,"u",170,39,20
52,54,50,"u",169,39,20
52,54,50,"u",168,39,20
52,54,50,"u",167,39,20
52,54,55,"u",166,39,20
52,54,58,"u",165,39,20
52,54,58,"u",164,39,20
52,54,58,"u",163,39,20
52,54,62,"u",162,39,20
52,54,58,"u",161,39,20
52,54,62,"u",160,39,20
52,54,62,"u",159,39,20
52,54,62,"u",158,39,20
52,54,62,"u",157,39,20
52,54,63,"u",156,39,20
52,54,63,"u",155,39,20
52,54,63,"u",154,39,20
52,54,63,"u",153,39,20
52,54,63,"u",152,39,20
52,54,67,"u",151,39,20
52,54,67,"u",150,39,20
52,54,67,"u",149,39,20
52,54,67,"u",148,39,20
52,54,67,"u",147,39,20
52,54,67,"u",146,39,20
52,54,67,"u",145,39,20
52,54,63,"u",144,39,20
52,54,67,"u",143,39,20
52,54,67,"u",142,39,20
52,54,63,"u",141,39,20
52,54,69,"u",140,39,20
52,54,69,"u",139,39,20
52,54,69,"u",138,39,20
52,54,69,"u",137,39,20
52,54,69,"u",136,39,20
52,54,76,"u",135,39,20
52,54,76,"u",134,39,20
52,54,52,"u",133,39,20
52,54,65,"u",132,39,20
52,54,65,"u",131,39,20
52,54,65,"u",130,39,20
52,54,65,"u",129,39,20
52,54,65,"u",128,39,20
52,54,65,"u",127,39,20
52,54,65,"u",126,39,20
52,54,52,"u",125,39,20
52,54,66,"u",124,39,20
52,54,66,"u",123,39,20
52,54,66,"u",122,39,20
52,54,66,"u",121,39,20
52,54,53,"u",120,39,20
52,54,53,"u",119,39,20
52,54,53,"u",118,39,20
52,54,53,"u",117,39,20
52,54,66,"u",116,39,20
52,54,66,"u",115,39,20
52,54,66,"u",114,39,20
52,54,66,"u",113,39,20
52,54,76,"u",112,39,20
52,54,71,"u",111,39,20
52,54,71,"u",110,39,20
52,54,71,"u",109,39,20
52,54,77,"u",108,39,20
52,54,76,"u",107,39,20
52,54,76,"u",106,39,20
52,54,78,"u",105,39,20
52,54,76,"u",104,39,20
52,54,74,"u",103,39,20
52,54,74,"u",102,39,20
52,54,74,"u",101,39,20
52,54,74,"u",100,39,20
52,54,78,"u",99,39,20
52,54,74,"u",98,39,20
52,54,74,"u",97,39,20
52,54,70,"u",96,39,20
52,54,70,"u",95,39,20
52,54,70,"u",94,39,20
52,54,70,"u",93,39,20
52,54,70,"u",92,39,20
52,54,70,"u",91,39,20
52,54,67,"u",90,39,20
52,54,66,"u",89,39,20
52,54,66,"u",88,39,20
52,54,66,"u",87,39,20
52,54,67,"u",86,39,20
52,54,54,"u",85,39,20
52,54,54,"u",84,39,20
52,54,54,"u",83,39,20
52,54,54,"u",82,39,20
52,54,66,"u",81,39,20
52,54,54,"u",80,39,20
52,54,54,"u",79,39,20
52,54,54,"u",78,39,20
52,54,54,"u",77,39,20
52,54,67,"u",76,39,20
52,54,67,"u",75,39,20
52,54,67,"u",74,39,20
52,54,67,"u",73,39,20
52,54,67,"u",72,39,20
52,54,69,"u",71,39,20
52,54,73,"u",70,39,20
52,54,70,"u",69,39,20
52,54,65,"u",68,39,20
52,54,74,"u",67,39,20
52,54,81,"u",66,39,20
52,54,68,"u",65,39,20
52,54,69,"u",64,39,20
52,54,69,"u",63,39,20
52,54,63,"u",62,39,20
52,54,64,"u",61,39,20
52,54,67,"u",60,39,20
52,54,67,"u",59,39,20
52,54,67,"u",58,39,20
52,54,67,"u",57,39,20
52,54,62,"u",56,39,20
52,54,51,"u",55,39,20
52,54,51,"u",54,39,20
52,54,51,"u",53,39,20
52,54,51,"u",52,39,20
52,54,51,"u",51,39,20
52,54,51,"u",50,39,20
52,54,51,"u",49,39,20
52,54,56,"u",48,39,20
52,54,75,"u",47,39,20
52,54,82,"u",46,39,20
52,54,82,"u",45,39,20
52,54,82,"u",44,39,20
52,54,83,"u",43,39,20
52,54,82,"u",42,39,20
52,54,82,"u",41,39,20
52,54,79,"u",40,39,20
52,54,83,"u",39,39,20
52,54,83,"u",38,39,20
52,54,83,"u",37,39,20
52,54,86,"u",36,39,20
52,54,86,"u",35,39,20
52,54,86,"u",34,39,20
52,54,86,"u",33,39,20
52,54,86,"u",32,39,20
52,54,90,"u",31,39,20
52,54,90,"u",30,39,20
52,54,90,"u",29,39,20
52,54,90,"u",28,39,20
52,54,89,"u",27,39,20
52,54,90,"u",26,39,20
52,54,94,"u",25,39,20
52,54,94,"u",24,39,20
52,54,94,"u",23,39,20
52,54,86,"u",22,39,20
52,54,94,"u",21,39,20
52,54,94,"u",20,39,20
52,54,94,"u",19,39,20
52,54,94,"u",18,39,20
52,54,93,"u",17,39,20
52,54,94,"u",16,39,20
52,54,98,"u",15,39,20
52,54,98,"u",14,39,20
52,54,98,"u",13,39,20
52,54,100,"u",12,39,20
52,54,100,"u",11,39,20
52,54,100,"u",10,39,20
52,54,95,"u",9,39,20
52,54,100,"u",8,39,20
52,54,100,"u",7,39,20
52,54,100,"u",6,39,20
52,54,100,"u",5,39,20
52,54,100,"u",4,39,20
52,54,100,"u",3,39,20
52,54,81,"u",2,39,20
52,54,73,"u",1,39,20
52,55,63,"u",180,39,20
52,55,63,"u",179,39,20
52,55,63,"u",178,39,20
52,55,63,"u",177,39,20
52,55,63,"u",176,39,20
52,55,63,"u",175,39,20
52,55,63,"u",174,39,20
52,55,63,"u",173,39,20
52,55,63,"u",172,39,20
52,55,63,"u",171,39,20
52,55,63,"u",170,39,20
52,55,63,"u",169,39,20
52,55,63,"u",168,39,20
52,55,63,"u",167,39,20
52,55,61,"u",166,39,20
52,55,61,"u",165,39,20
52,55,61,"u",164,39,20
52,55,61,"u",163,39,20
52,55,62,"u",162,39,20
52,55,61,"u",161,39,20
52,55,61,"u",160,39,20
52,55,61,"u",159,39,20
52,55,61,"u",158,39,20
52,55,61,"u",157,39,20
52,55,63,"u",156,39,20
52,55,63,"u",155,39,20
52,55,63,"u",154,39,20
52,55,63,"u",153,39,20
52,55,63,"u",152,39,20
52,55,69,"u",151,39,20
52,55,69,"u",150,39,20
52,55,69,"u",149,39,20
52,55,69,"u",148,39,20
52,55,69,"u",147,39,20
52,55,69,"u",146,39,20
52,55,69,"u",145,39,20
52,55,62,"u",144,39,20
52,55,63,"u",143,39,20
52,55,63,"u",142,39,20
52,55,63,"u",141,39,20
52,55,63,"u",140,39,20
52,55,63,"u",139,39,20
52,55,63,"u",138,39,20
52,55,63,"u",137,39,20
52,55,63,"u",136,39,20
52,55,63,"u",135,39,20
52,55,63,"u",134,39,20
52,55,52,"u",133,39,20
52,55,65,"u",132,39,20
52,55,63,"u",131,39,20
52,55,63,"u",130,39,20
52,55,65,"u",129,39,20
52,55,63,"u",128,39,20
52,55,63,"u",127,39,20
52,55,63,"u",126,39,20
52,55,52,"u",125,39,20
52,55,52,"u",124,39,20
52,55,53,"u",123,39,20
52,55,53,"u",122,39,20
52,55,53,"u",121,39,20
52,55,53,"u",120,39,20
52,55,53,"u",119,39,20
52,55,53,"u",118,39,20
52,55,53,"u",117,39,20
52,55,53,"u",116,39,20
52,55,53,"u",115,39,20
52,55,53,"u",114,39,20
52,55,53,"u",113,39,20
52,55,54,"u",112,39,20
52,55,54,"u",111,39,20
52,55,54,"u",110,39,20
52,55,54,"u",109,39,20
52,55,54,"u",108,39,20
52,55,54,"u",107,39,20
52,55,54,"u",106,39,20
52,55,54,"u",105,39,20
52,55,54,"u",104,39,20
52,55,54,"u",103,39,20
52,55,54,"u",102,39,20
52,55,54,"u",101,39,20
52,55,54,"u",100,39,20
52,55,54,"u",99,39,20
52,55,68,"u",98,39,20
52,55,68,"u",97,39,20
52,55,58,"u",96,39,20
52,55,49,"u",95,39,20
52,55,49,"u",94,39,20
52,55,49,"u",93,39,20
52,55,65,"u",92,39,20
52,55,65,"u",91,39,20
52,55,49,"u",90,39,20
52,55,61,"u",89,39,20
52,55,61,"u",88,39,20
52,55,61,"u",87,39,20
52,55,61,"u",86,39,20
52,55,54,"u",85,39,20
52,55,54,"u",84,39,20
52,55,54,"u",83,39,20
52,55,61,"u",82,39,20
52,55,61,"u",81,39,20
52,55,61,"u",80,39,20
52,55,54,"u",79,39,20
52,55,55,"u",78,39,20
52,55,55,"u",77,39,20
52,55,61,"u",76,39,20
52,55,52,"u",75,39,20
52,55,60,"u",74,39,20
52,55,60,"u",73,39,20
52,55,60,"u",72,39,20
52,55,60,"u",71,39,20
52,55,71,"u",70,39,20
52,55,67,"u",69,39,20
52,55,65,"u",68,39,20
52,55,71,"u",67,39,20
52,55,69,"u",66,39,20
52,55,67,"u",65,39,20
52,55,70,"u",64,39,20
52,55,74,"u",63,39,20
52,55,62,"u",62,39,20
52,55,64,"u",61,39,20
52,55,64,"u",60,39,20
52,55,67,"u",59,39,20
52,55,68,"u",58,39,20
52,55,69,"u",57,39,20
52,55,64,"u",56,39,20
52,55,56,"u",55,39,20
52,55,56,"u",54,39,20
52,55,69,"u",53,39,20
52,55,66,"u",52,39,20
52,55,66,"u",51,39,20
52,55,62,"u",50,39,20
52,55,66,"u",49,39,20
52,55,66,"u",48,39,20
52,55,68,"u",47,39,20
52,55,68,"u",46,39,20
52,55,68,"u",45,39,20
52,55,68,"u",44,39,20
52,55,76,"u",43,39,20
52,55,68,"u",42,39,20
52,55,83,"u",41,39,20
52,55,79,"u",40,39,20
52,55,83,"u",39,39,20
52,55,83,"u",38,39,20
52,55,86,"u",37,39,20
52,55,86,"u",36,39,20
52,55,77,"u",35,39,20
52,55,86,"u",34,39,20
52,55,86,"u",33,39,20
52,55,77,"u",32,39,20
52,55,83,"u",31,39,20
52,55,77,"u",30,39,20
52,55,93,"u",29,39,20
52,55,88,"u",28,39,20
52,55,88,"u",27,39,20
52,55,88,"u",26,39,20
52,55,85,"u",25,39,20
52,55,94,"u",24,39,20
52,55,94,"u",23,39,20
52,55,87,"u",22,39,20
52,55,94,"u",21,39,20
52,55,94,"u",20,39,20
52,55,94,"u",19,39,20
52,55,98,"u",18,39,20
52,55,98,"u",17,39,20
52,55,100,"u",16,39,20
52,55,100,"u",15,39,20
52,55,100,"u",14,39,20
52,55,100,"u",13,39,20
52,55,110,"u",12,39,20
52,55,110,"u",11,39,20
52,55,100,"u",10,39,20
52,55,100,"u",9,39,20
52,55,110,"u",8,39,20
52,55,100,"u",7,39,20
52,55,100,"u",6,39,20
52,55,110,"u",5,39,20
52,55,110,"u",4,39,20
52,55,100,"u",3,39,20
52,55,99,"u",2,39,20
52,55,67,"u",1,39,20
53,55,63,"u",180,39,20
53,55,63,"u",179,39,20
53,55,63,"u",178,39,20
53,55,63,"u",177,39,20
53,55,60,"u",176,39,20
53,55,60,"u",175,39,20
53,55,60,"u",174,39,20
53,55,60,"u",173,39,20
53,55,60,"u",172,39,20
53,55,60,"u",171,39,20
53,55,60,"u",170,39,20
53,55,60,"u",169,39,20
53,55,60,"u",168,39,20
53,55,60,"u",167,39,20
53,55,60,"u",166,39,20
53,55,60,"u",165,39,20
53,55,60,"u",164,39,20
53,55,60,"u",163,39,20
53,55,60,"u",162,39,20
53,55,60,"u",161,39,20
53,55,60,"u",160,39,20
53,55,60,"u",159,39,20
53,55,60,"u",158,39,20
53,55,60,"u",157,39,20
53,55,60,"u",156,39,20
53,55,63,"u",155,39,20
53,55,63,"u",154,39,20
53,55,63,"u",153,39,20
53,55,67,"u",152,39,20
53,55,67,"u",151,39,20
53,55,67,"u",150,39,20
53,55,67,"u",149,39,20
53,55,67,"u",148,39,20
53,55,67,"u",147,39,20
53,55,67,"u",146,39,20
53,55,63,"u",145,39,20
53,55,63,"u",144,39,20
53,55,63,"u",143,39,20
53,55,63,"u",142,39,20
53,55,63,"u",141,39,20
53,55,63,"u",140,39,20
53,55,63,"u",139,39,20
53,55,63,"u",138,39,20
53,55,63,"u",137,39,20
53,55,63,"u",136,39,20
53,55,63,"u",135,39,20
53,55,65,"u",134,39,20
53,55,65,"u",133,39,20
53,55,69,"u",132,39,20
53,55,77,"u",131,39,20
53,55,76,"u",130,39,20
53,55,77,"u",129,39,20
53,55,75,"u",128,39,20
53,55,69,"u",127,39,20
53,55,78,"u",126,39,20
53,55,78,"u",125,39,20
53,55,76,"u",124,39,20
53,55,69,"u",123,39,20
53,55,76,"u",122,39,20
53,55,76,"u",121,39,20
53,55,53,"u",120,39,20
53,55,53,"u",119,39,20
53,55,66,"u",118,39,20
53,55,66,"u",117,39,20
53,55,81,"u",116,39,20
53,55,81,"u",115,39,20
53,55,68,"u",114,39,20
53,55,68,"u",113,39,20
53,55,63,"u",112,39,20
53,55,63,"u",111,39,20
53,55,63,"u",110,39,20
53,55,63,"u",109,39,20
53,55,63,"u",108,39,20
53,55,63,"u",107,39,20
53,55,63,"u",106,39,20
53,55,63,"u",105,39,20
53,55,63,"u",104,39,20
53,55,63,"u",103,39,20
53,55,63,"u",102,39,20
53,55,63,"u",101,39,20
53,55,63,"u",100,39,20
53,55,63,"u",99,39,20
53,55,63,"u",98,39,20
53,55,57,"u",97,39,20
53,55,43,"u",96,39,20
53,55,43,"u",95,39,20
53,55,43,"u",94,39,20
53,55,59,"u",93,39,20
53,55,59,"u",92,39,20
53,55,43,"u",91,39,20
53,55,59,"u",90,39,20
53,55,59,"u",89,39,20
53,55,59,"u",88,39,20
53,55,60,"u",87,39,20
53,55,53,"u",86,39,20
53,55,53,"u",85,39,20
53,55,53,"u",84,39,20
53,55,53,"u",83,39,20
53,55,60,"u",82,39,20
53,55,55,"u",81,39,20
53,55,53,"u",80,39,20
53,55,60,"u",79,39,20
53,55,55,"u",78,39,20
53,55,60,"u",77,39,20
53,55,52,"u",76,39,20
53,55,60,"u",75,39,20
53,55,60,"u",74,39,20
53,55,60,"u",73,39,20
53,55,65,"u",72,39,20
53,55,63,"u",71,39,20
53,55,63,"u",70,39,20
53,55,63,"u",69,39,20
53,55,65,"u",68,39,20
53,55,60,"u",67,39,20
53,55,65,"u",66,39,20
53,55,63,"u",65,39,20
53,55,60,"u",64,39,20
53,55,60,"u",63,39,20
53,55,60,"u",62,39,20
53,55,60,"u",61,39,20
53,55,60,"u",60,39,20
53,55,60,"u",59,39,20
53,55,69,"u",58,39,20
53,55,69,"u",57,39,20
53,55,56,"u",56,39,20
53,55,56,"u",55,39,20
53,55,69,"u",54,39,20
53,55,66,"u",53,39,20
53,55,66,"u",52,39,20
53,55,62,"u",51,39,20
53,55,66,"u",50,39,20
53,55,66,"u",49,39,20
53,55,75,"u",48,39,20
53,55,68,"u",47,39,20
53,55,68,"u",46,39,20
53,55,76,"u",45,39,20
53,55,76,"u",44,39,20
53,55,49,"u",43,39,20
53,55,53,"u",42,39,20
53,55,83,"u",41,39,20
53,55,73,"u",40,39,20
53,55,53,"u",39,39,20
53,55,73,"u",38,39,20
53,55,73,"u",37,39,20
53,55,77,"u",36,39,20
53,55,89,"u",35,39,20
53,55,89,"u",34,39,20
53,55,84,"u",33,39,20
53,55,91,"u",32,39,20
53,55,77,"u",31,39,20
53,55,91,"u",30,39,20
53,55,91,"u",29,39,20
53,55,91,"u",28,39,20
53,55,94,"u",27,39,20
53,55,85,"u",26,39,20
53,55,94,"u",25,39,20
53,55,94,"u",24,39,20
53,55,94,"u",23,39,20
53,55,84,"u",22,39,20
53,55,84,"u",21,39,20
53,55,84,"u",20,39,20
53,55,84,"u",19,39,20
53,55,84,"u",18,39,20
53,55,84,"u",17,39,20
53,55,84,"u",16,39,20
53,55,84,"u",15,39,20
53,55,84,"u",14,39,20
53,55,84,"u",13,39,20
53,55,84,"u",12,39,20
53,55,84,"u",11,39,20
53,55,84,"u",10,39,20
53,55,84,"u",9,39,20
53,55,86,"u",8,39,20
53,55,110,"u",7,39,20
53,55,110,"u",6,39,20
53,55,110,"u",5,39,20
53,55,110,"u",4,39,20
53,55,100,"u",3,39,20
53,55,99,"u",2,39,20
53,55,93,"u",1,39,20
53,54,63,"u",180,39,20
53,54,50,"u",179,39,20
53,54,50,"u",178,39,20
53,54,50,"u",177,39,20
53,54,50,"u",176,39,20
53,54,50,"u",175,39,20
53,54,50,"u",174,39,20
53,54,50,"u",173,39,20
53,54,50,"u",172,39,20
53,54,50,"u",171,39,20
53,54,50,"u",170,39,20
53,54,50,"u",169,39,20
53,54,50,"u",168,39,20
53,54,55,"u",167,39,20
53,54,58,"u",166,39,20
53,54,58,"u",165,39,20
53,54,58,"u",164,39,20
53,54,58,"u",163,39,20
53,54,58,"u",162,39,20
53,54,58,"u",161,39,20
53,54,58,"u",160,39,20
53,54,58,"u",159,39,20
53,54,58,"u",158,39,20
53,54,58,"u",157,39,20
53,54,58,"u",156,39,20
53,54,58,"u",155,39,20
53,54,58,"u",154,39,20
53,54,58,"u",153,39,20
53,54,58,"u",152,39,20
53,54,58,"u",151,39,20
53,54,58,"u",150,39,20
53,54,58,"u",149,39,20
53,54,58,"u",148,39,20
53,54,58,"u",147,39,20
53,54,58,"u",146,39,20
53,54,58,"u",145,39,20
53,54,58,"u",144,39,20
53,54,58,"u",143,39,20
53,54,63,"u",142,39,20
53,54,63,"u",141,39,20
53,54,69,"u",140,39,20
53,54,69,"u",139,39,20
53,54,69,"u",138,39,20
53,54,69,"u",137,39,20
53,54,76,"u",136,39,20
53,54,77,"u",135,39,20
53,54,65,"u",134,39,20
53,54,65,"u",133,39,20
53,54,77,"u",132,39,20
53,54,77,"u",131,39,20
53,54,77,"u",130,39,20
53,54,77,"u",129,39,20
53,54,77,"u",128,39,20
53,54,77,"u",127,39,20
53,54,77,"u",126,39,20
53,54,77,"u",125,39,20
53,54,77,"u",124,39,20
53,54,77,"u",123,39,20
53,54,79,"u",122,39,20
53,54,53,"u",121,39,20
53,54,53,"u",120,39,20
53,54,53,"u",119,39,20
53,54,72,"u",118,39,20
53,54,77,"u",117,39,20
53,54,66,"u",116,39,20
53,54,77,"u",115,39,20
53,54,77,"u",114,39,20
53,54,77,"u",113,39,20
53,54,71,"u",112,39,20
53,54,71,"u",111,39,20
53,54,71,"u",110,39,20
53,54,76,"u",109,39,20
53,54,76,"u",108,39,20
53,54,76,"u",107,39,20
53,54,76,"u",106,39,20
53,54,76,"u",105,39,20
53,54,76,"u",104,39,20
53,54,76,"u",103,39,20
53,54,76,"u",102,39,20
53,54,60,"u",101,39,20
53,54,76,"u",100,39,20
53,54,76,"u",99,39,20
53,54,76,"u",98,39,20
53,54,74,"u",97,39,20
53,54,67,"u",96,39,20
53,54,67,"u",95,39,20
53,54,71,"u",94,39,20
53,54,65,"u",93,39,20
53,54,65,"u",92,39,20
53,54,65,"u",91,39,20
53,54,65,"u",90,39,20
53,54,65,"u",89,39,20
53,54,65,"u",88,39,20
53,54,65,"u",87,39,20
53,54,53,"u",86,39,20
53,54,53,"u",85,39,20
53,54,53,"u",84,39,20
53,54,53,"u",83,39,20
53,54,65,"u",82,39,20
53,54,53,"u",81,39,20
53,54,59,"u",80,39,20
53,54,53,"u",79,39,20
53,54,53,"u",78,39,20
53,54,61,"u",77,39,20
53,54,57,"u",76,39,20
53,54,65,"u",75,39,20
53,54,65,"u",74,39,20
53,54,65,"u",73,39,20
53,54,65,"u",72,39,20
53,54,65,"u",71,39,20
53,54,65,"u",70,39,20
53,54,65,"u",69,39,20
53,54,65,"u",68,39,20
53,54,65,"u",67,39,20
53,54,65,"u",66,39,20
53,54,65,"u",65,39,20
53,54,67,"u",64,39,20
53,54,67,"u",63,39,20
53,54,67,"u",62,39,20
53,54,67,"u",61,39,20
53,54,67,"u",60,39,20
53,54,67,"u",59,39,20
53,54,67,"u",58,39,20
53,54,66,"u",57,39,20
53,54,51,"u",56,39,20
53,54,51,"u",55,39,20
53,54,51,"u",54,39,20
53,54,51,"u",53,39,20
53,54,51,"u",52,39,20
53,54,51,"u",51,39,20
53,54,51,"u",50,39,20
53,54,56,"u",49,39,20
53,54,75,"u",48,39,20
53,54,82,"u",47,39,20
53,54,82,"u",46,39,20
53,54,83,"u",45,39,20
53,54,83,"u",44,39,20
53,54,72,"u",43,39,20
53,54,73,"u",42,39,20
53,54,83,"u",41,39,20
53,54,82,"u",40,39,20
53,54,69,"u",39,39,20
53,54,82,"u",38,39,20
53,54,88,"u",37,39,20
53,54,89,"u",36,39,20
53,54,90,"u",35,39,20
53,54,90,"u",34,39,20
53,54,84,"u",33,39,20
53,54,94,"u",32,39,20
53,54,94,"u",31,39,20
53,54,96,"u",30,39,20
53,54,96,"u",29,39,20
53,54,80,"u",28,39,20
53,54,96,"u",27,39,20
53,54,94,"u",26,39,20
53,54,94,"u",25,39,20
53,54,94,"u",24,39,20
53,54,88,"u",23,39,20
53,54,88,"u",22,39,20
53,54,95,"u",21,39,20
53,54,85,"u",20,39,20
53,54,93,"u",19,39,20
53,54,98,"u",18,39,20
53,54,100,"u",17,39,20
53,54,90,"u",16,39,20
53,54,98,"u",15,39,20
53,54,98,"u",14,39,20
53,54,98,"u",13,39,20
53,54,98,"u",12,39,20
53,54,98,"u",11,39,20
53,54,98,"u",10,39,20
53,54,100,"u",9,39,20
53,54,90,"u",8,39,20
53,54,100,"u",7,39,20
53,54,100,"u",6,39,20
53,54,100,"u",5,39,20
53,54,100,"u",4,39,20
53,54,100,"u",3,39,20
53,54,91,"u",2,39,20
53,54,100,"u",1,39,20
53,55,30,"u",180,39,44
53,55,30,"u",179,39,44
53,55,33,"u",178,39,44
53,55,33,"u",177,39,44
53,55,34,"u",176,39,44
53,55,34,"u",175,39,44
53,55,34,"u",174,39,44
53,55,37,"u",173,39,44
53,55,38,"u",172,39,44
53,55,38,"u",171,39,44
53,55,38,"u",170,39,44
53,55,38,"u",169,39,44
53,55,40,"u",168,39,44
53,55,40,"u",167,39,44
53,55,40,"u",166,39,44
53,55,40,"u",165,39,44
53,55,40,"u",164,39,44
53,55,47,"u",163,39,44
53,55,23,"u",162,39,44
53,55,23,"u",161,39,44
53,55,23,"u",160,39,44
53,55,23,"u",159,39,44
53,55,23,"u",158,39,44
53,55,23,"u",157,39,44
53,55,23,"u",156,39,44
53,55,29,"u",155,39,44
53,55,29,"u",154,39,44
53,55,29,"u",153,39,44
53,55,29,"u",152,39,44
53,55,29,"u",151,39,44
53,55,29,"u",150,39,44
53,55,29,"u",149,39,44
53,55,35,"u",148,39,44
53,55,35,"u",147,39,44
53,55,37,"u",146,39,44
53,55,43,"u",145,39,44
53,55,44,"u",144,39,44
53,55,44,"u",143,39,44
53,55,45,"u",142,39,44
53,55,45,"u",141,39,44
53,55,46,"u",140,39,44
53,55,47,"u",139,39,44
53,55,47,"u",138,39,44
53,55,47,"u",137,39,44
53,55,47,"u",136,39,44
53,55,47,"u",135,39,44
53,55,47,"u",134,39,44
53,55,47,"u",133,39,44
53,55,44,"u",132,39,44
53,55,44,"u",131,39,44
53,55,47,"u",130,39,44
53,55,47,"u",129,39,44
53,55,47,"u",128,39,44
53,55,47,"u",127,39,44
53,55,47,"u",126,39,44
53,55,47,"u",125,39,44
53,55,47,"u",124,39,44
53,55,47,"u",123,39,44
53,55,47,"u",122,39,44
53,55,47,"u",121,39,44
53,55,47,"u",120,39,44
53,55,47,"u",119,39,44
53,55,47,"u",118,39,44
53,55,47,"u",117,39,44
53,55,47,"u",116,39,44
53,55,47,"u",115,39,44
53,55,47,"u",114,39,44
53,55,47,"u",113,39,44
53,55,47,"u",112,39,44
53,55,47,"u",111,39,44
53,55,47,"u",110,39,44
53,55,47,"u",109,39,44
53,55,47,"u",108,39,44
53,55,47,"u",107,39,44
53,55,47,"u",106,39,44
53,55,47,"u",105,39,44
53,55,47,"u",104,39,44
53,55,55,"u",103,39,44
53,55,47,"u",102,39,44
53,55,55,"u",101,39,44
53,55,47,"u",100,39,44
53,55,47,"u",99,39,44
53,55,47,"u",98,39,44
53,55,47,"u",97,39,44
53,55,47,"u",96,39,44
53,55,47,"u",95,39,44
53,55,47,"u",94,39,44
53,55,47,"u",93,39,44
53,55,47,"u",92,39,44
53,55,47,"u",91,39,44
53,55,47,"u",90,39,44
53,55,47,"u",89,39,44
53,55,47,"u",88,39,44
53,55,47,"u",87,39,44
53,55,47,"u",86,39,44
53,55,47,"u",85,39,44
53,55,47,"u",84,39,44
53,55,47,"u",83,39,44
53,55,47,"u",82,39,44
53,55,47,"u",81,39,44
53,55,47,"u",80,39,44
53,55,47,"u",79,39,44
53,55,55,"u",78,39,44
53,55,55,"u",77,39,44
53,55,55,"u",76,39,44
53,55,55,"u",75,39,44
53,55,55,"u",74,39,44
53,55,55,"u",73,39,44
53,55,50,"u",72,39,44
53,55,50,"u",71,39,44
53,55,55,"u",70,39,44
53,55,55,"u",69,39,44
53,55,53,"u",68,39,44
53,55,53,"u",67,39,44
53,55,53,"u",66,39,44
53,55,59,"u",65,39,44
53,55,59,"u",64,39,44
53,55,59,"u",63,39,44
53,55,59,"u",62,39,44
53,55,59,"u",61,39,44
53,55,59,"u",60,39,44
53,55,59,"u",59,39,44
53,55,59,"u",58,39,44
53,55,59,"u",57,39,44
53,55,59,"u",56,39,44
53,55,59,"u",55,39,44
53,55,59,"u",54,39,44
53,55,59,"u",53,39,44
53,55,59,"u",52,39,44
53,55,59,"u",51,39,44
53,55,59,"u",50,39,44
53,55,59,"u",49,39,44
53,55,59,"u",48,39,44
53,55,59,"u",47,39,44
53,55,59,"u",46,39,44
53,55,59,"u",45,39,44
53,55,59,"u",44,39,44
53,55,59,"u",43,39,44
53,55,64,"u",42,39,44
53,55,59,"u",41,39,44
53,55,59,"u",40,39,44
53,55,59,"u",39,39,44
53,55,59,"u",38,39,44
53,55,59,"u",37,39,44
53,55,61,"u",36,39,44
53,55,62,"u",35,39,44
53,55,64,"u",34,39,44
53,55,66,"u",33,39,44
53,55,65,"u",32,39,44
53,55,61,"u",31,39,44
53,55,65,"u",30,39,44
53,55,61,"u",29,39,44
53,55,73,"u",28,39,44
53,55,66,"u",27,39,44
53,55,66,"u",26,39,44
53,55,66,"u",25,39,44
53,55,67,"u",24,39,44
53,55,67,"u",23,39,44
53,55,64,"u",22,39,44
53,55,72,"u",21,39,44
53,55,61,"u",20,39,44
53,55,64,"u",19,39,44
53,55,64,"u",18,39,44
53,55,76,"u",17,39,44
53,55,64,"u",16,39,44
53,55,76,"u",15,39,44
53,55,81,"u",14,39,44
53,55,79,"u",13,39,44
53,55,80,"u",12,39,44
53,55,81,"u",11,39,44
53,55,81,"u",10,39,44
53,55,80,"u",9,39,44
53,55,69,"u",8,39,44
53,55,82,"u",7,39,44
53,55,80,"u",6,39,44
53,55,80,"u",5,39,44
53,55,72,"u",4,39,44
53,55,80,"u",3,39,44
53,55,85,"u",2,39,44
53,55,79,"u",1,39,44
53,54,43,"u",180,39,44
53,54,43,"u",179,39,44
53,54,43,"u",178,39,44
53,54,43,"u",177,39,44
53,54,44,"u",176,39,44
53,54,44,"u",175,39,44
53,54,44,"u",174,39,44
53,54,44,"u",173,39,44
53,54,45,"u",172,39,44
53,54,45,"u",171,39,44
53,54,46,"u",170,39,44
53,54,45,"u",169,39,44
53,54,47,"u",168,39,44
53,54,47,"u",167,39,44
53,54,47,"u",166,39,44
53,54,47,"u",165,39,44
53,54,47,"u",164,39,44
53,54,47,"u",163,39,44
53,54,43,"u",162,39,44
53,54,42,"u",161,39,44
53,54,42,"u",160,39,44
53,54,42,"u",159,39,44
53,54,42,"u",158,39,44
53,54,42,"u",157,39,44
53,54,43,"u",156,39,44
53,54,43,"u",155,39,44
53,54,43,"u",154,39,44
53,54,43,"u",153,39,44
53,54,43,"u",152,39,44
53,54,43,"u",151,39,44
53,54,43,"u",150,39,44
53,54,43,"u",149,39,44
53,54,44,"u",148,39,44
53,54,44,"u",147,39,44
53,54,46,"u",146,39,44
53,54,44,"u",145,39,44
53,54,46,"u",144,39,44
53,54,46,"u",143,39,44
53,54,47,"u",142,39,44
53,54,47,"u",141,39,44
53,54,47,"u",140,39,44
53,54,47,"u",139,39,44
53,54,47,"u",138,39,44
53,54,47,"u",137,39,44
53,54,47,"u",136,39,44
53,54,47,"u",135,39,44
53,54,47,"u",134,39,44
53,54,47,"u",133,39,44
53,54,47,"u",132,39,44
53,54,47,"u",131,39,44
53,54,47,"u",130,39,44
53,54,47,"u",129,39,44
53,54,47,"u",128,39,44
53,54,47,"u",127,39,44
53,54,47,"u",126,39,44
53,54,47,"u",125,39,44
53,54,47,"u",124,39,44
53,54,47,"u",123,39,44
53,54,47,"u",122,39,44
53,54,47,"u",121,39,44
53,54,47,"u",120,39,44
53,54,47,"u",119,39,44
53,54,47,"u",118,39,44
53,54,47,"u",117,39,44
53,54,47,"u",116,39,44
53,54,47,"u",115,39,44
53,54,47,"u",114,39,44
53,54,47,"u",113,39,44
53,54,47,"u",112,39,44
53,54,47,"u",111,39,44
53,54,47,"u",110,39,44
53,54,50,"u",109,39,44
53,54,47,"u",108,39,44
53,54,47,"u",107,39,44
53,54,50,"u",106,39,44
53,54,50,"u",105,39,44
53,54,50,"u",104,39,44
53,54,50,"u",103,39,44
53,54,50,"u",102,39,44
53,54,50,"u",101,39,44
53,54,50,"u",100,39,44
53,54,55,"u",99,39,44
53,54,50,"u",98,39,44
53,54,50,"u",97,39,44
53,54,50,"u",96,39,44
53,54,50,"u",95,39,44
53,54,50,"u",94,39,44
53,54,50,"u",93,39,44
53,54,50,"u",92,39,44
53,54,50,"u",91,39,44
53,54,50,"u",90,39,44
53,54,50,"u",89,39,44
53,54,50,"u",88,39,44
53,54,50,"u",87,39,44
53,54,55,"u",86,39,44
53,54,55,"u",85,39,44
53,54,55,"u",84,39,44
53,54,55,"u",83,39,44
53,54,55,"u",82,39,44
53,54,60,"u",81,39,44
53,54,60,"u",80,39,44
53,54,60,"u",79,39,44
53,54,60,"u",78,39,44
53,54,60,"u",77,39,44
53,54,55,"u",76,39,44
53,54,59,"u",75,39,44
53,54,60,"u",74,39,44
53,54,60,"u",73,39,44
53,54,60,"u",72,39,44
53,54,60,"u",71,39,44
53,54,60,"u",70,39,44
53,54,61,"u",69,39,44
53,54,61,"u",68,39,44
53,54,62,"u",67,39,44
53,54,60,"u",66,39,44
53,54,62,"u",65,39,44
53,54,62,"u",64,39,44
53,54,60,"u",63,39,44
53,54,62,"u",62,39,44
53,54,63,"u",61,39,44
53,54,63,"u",60,39,44
53,54,63,"u",59,39,44
53,54,68,"u",58,39,44
53,54,63,"u",57,39,44
53,54,62,"u",56,39,44
53,54,60,"u",55,39,44
53,54,60,"u",54,39,44
53,54,63,"u",53,39,44
53,54,63,"u",52,39,44
53,54,60,"u",51,39,44
53,54,63,"u",50,39,44
53,54,63,"u",49,39,44
53,54,62,"u",48,39,44
53,54,60,"u",47,39,44
53,54,64,"u",46,39,44
53,54,64,"u",45,39,44
53,54,62,"u",44,39,44
53,54,62,"u",43,39,44
53,54,68,"u",42,39,44
53,54,61,"u",41,39,44
53,54,61,"u",40,39,44
53,54,61,"u",39,39,44
53,54,61,"u",38,39,44
53,54,65,"u",37,39,44
53,54,68,"u",36,39,44
53,54,67,"u",35,39,44
53,54,66,"u",34,39,44
53,54,68,"u",33,39,44
53,54,67,"u",32,39,44
53,54,69,"u",31,39,44
53,54,66,"u",30,39,44
53,54,67,"u",29,39,44
53,54,71,"u",28,39,44
53,54,70,"u",27,39,44
53,54,71,"u",26,39,44
53,54,71,"u",25,39,44
53,54,72,"u",24,39,44
53,54,72,"u",23,39,44
53,54,70,"u",22,39,44
53,54,73,"u",21,39,44
53,54,69,"u",20,39,44
53,54,76,"u",19,39,44
53,54,76,"u",18,39,44
53,54,79,"u",17,39,44
53,54,82,"u",16,39,44
53,54,83,"u",15,39,44
53,54,75,"u",14,39,44
53,54,78,"u",13,39,44
53,54,84,"u",12,39,44
53,54,83,"u",11,39,44
53,54,80,"u",10,39,44
53,54,83,"u",9,39,44
53,54,83,"u",8,39,44
53,54,88,"u",7,39,44
53,54,82,"u",6,39,44
53,54,82,"u",5,39,44
53,54,79,"u",4,39,44
53,54,78,"u",3,39,44
53,54,94,"u",2,39,44
53,54,81,"u",1,39,44
52,54,40,"u",180,39,44
52,54,40,"u",179,39,44
52,54,40,"u",178,39,44
52,54,40,"u",177,39,44
52,54,40,"u",176,39,44
52,54,40,"u",175,39,44
52,54,41,"u",174,39,44
52,54,45,"u",173,39,44
52,54,47,"u",172,39,44
52,54,47,"u",171,39,44
52,54,47,"u",170,39,44
52,54,47,"u",169,39,44
52,54,47,"u",168,39,44
52,54,47,"u",167,39,44
52,54,47,"u",166,39,44
52,54,47,"u",165,39,44
52,54,47,"u",164,39,44
52,54,47,"u",163,39,44
52,54,47,"u",162,39,44
52,54,43,"u",161,39,44
52,54,42,"u",160,39,44
52,54,42,"u",159,39,44
52,54,42,"u",158,39,44
52,54,42,"u",157,39,44
52,54,42,"u",156,39,44
52,54,42,"u",155,39,44
52,54,43,"u",154,39,44
52,54,42,"u",153,39,44
52,54,43,"u",152,39,44
52,54,43,"u",151,39,44
52,54,43,"u",150,39,44
52,54,43,"u",149,39,44
52,54,43,"u",148,39,44
52,54,43,"u",147,39,44
52,54,43,"u",146,39,44
52,54,43,"u",145,39,44
52,54,43,"u",144,39,44
52,54,43,"u",143,39,44
52,54,43,"u",142,39,44
52,54,43,"u",141,39,44
52,54,43,"u",140,39,44
52,54,47,"u",139,39,44
52,54,47,"u",138,39,44
52,54,47,"u",137,39,44
52,54,47,"u",136,39,44
52,54,47,"u",135,39,44
52,54,47,"u",134,39,44
52,54,47,"u",133,39,44
52,54,47,"u",132,39,44
52,54,47,"u",131,39,44
52,54,47,"u",130,39,44
52,54,47,"u",129,39,44
52,54,47,"u",128,39,44
52,54,47,"u",127,39,44
52,54,47,"u",126,39,44
52,54,47,"u",125,39,44
52,54,47,"u",124,39,44
52,54,47,"u",123,39,44
52,54,47,"u",122,39,44
52,54,47,"u",121,39,44
52,54,47,"u",120,39,44
52,54,47,"u",119,39,44
52,54,47,"u",118,39,44
52,54,47,"u",117,39,44
52,54,47,"u",116,39,44
52,54,47,"u",115,39,44
52,54,47,"u",114,39,44
52,54,47,"u",113,39,44
52,54,47,"u",112,39,44
52,54,47,"u",111,39,44
52,54,47,"u",110,39,44
52,54,47,"u",109,39,44
52,54,50,"u",108,39,44
52,54,47,"u",107,39,44
52,54,47,"u",106,39,44
52,54,50,"u",105,39,44
52,54,50,"u",104,39,44
52,54,50,"u",103,39,44
52,54,50,"u",102,39,44
52,54,50,"u",101,39,44
52,54,50,"u",100,39,44
52,54,50,"u",99,39,44
52,54,50,"u",98,39,44
52,54,50,"u",97,39,44
52,54,50,"u",96,39,44
52,54,53,"u",95,39,44
52,54,53,"u",94,39,44
52,54,53,"u",93,39,44
52,54,53,"u",92,39,44
52,54,53,"u",91,39,44
52,54,53,"u",90,39,44
52,54,53,"u",89,39,44
52,54,53,"u",88,39,44
52,54,53,"u",87,39,44
52,54,53,"u",86,39,44
52,54,55,"u",85,39,44
52,54,55,"u",84,39,44
52,54,55,"u",83,39,44
52,54,55,"u",82,39,44
52,54,57,"u",81,39,44
52,54,59,"u",80,39,44
52,54,64,"u",79,39,44
52,54,59,"u",78,39,44
52,54,59,"u",77,39,44
52,54,59,"u",76,39,44
52,54,55,"u",75,39,44
52,54,57,"u",74,39,44
52,54,59,"u",73,39,44
52,54,59,"u",72,39,44
52,54,59,"u",71,39,44
52,54,59,"u",70,39,44
52,54,59,"u",69,39,44
52,54,61,"u",68,39,44
52,54,61,"u",67,39,44
52,54,62,"u",66,39,44
52,54,60,"u",65,39,44
52,54,62,"u",64,39,44
52,54,62,"u",63,39,44
52,54,60,"u",62,39,44
52,54,62,"u",61,39,44
52,54,63,"u",60,39,44
52,54,62,"u",59,39,44
52,54,62,"u",58,39,44
52,54,63,"u",57,39,44
52,54,63,"u",56,39,44
52,54,62,"u",55,39,44
52,54,60,"u",54,39,44
52,54,60,"u",53,39,44
52,54,63,"u",52,39,44
52,54,63,"u",51,39,44
52,54,60,"u",50,39,44
52,54,63,"u",49,39,44
52,54,63,"u",48,39,44
52,54,62,"u",47,39,44
52,54,60,"u",46,39,44
52,54,64,"u",45,39,44
52,54,64,"u",44,39,44
52,54,62,"u",43,39,44
52,54,62,"u",42,39,44
52,54,64,"u",41,39,44
52,54,61,"u",40,39,44
52,54,61,"u",39,39,44
52,54,61,"u",38,39,44
52,54,61,"u",37,39,44
52,54,65,"u",36,39,44
52,54,66,"u",35,39,44
52,54,65,"u",34,39,44
52,54,64,"u",33,39,44
52,54,66,"u",32,39,44
52,54,65,"u",31,39,44
52,54,68,"u",30,39,44
52,54,63,"u",29,39,44
52,54,65,"u",28,39,44
52,54,71,"u",27,39,44
52,54,64,"u",26,39,44
52,54,69,"u",25,39,44
52,54,69,"u",24,39,44
52,54,71,"u",23,39,44
52,54,72,"u",22,39,44
52,54,70,"u",21,39,44
52,54,70,"u",20,39,44
52,54,70,"u",19,39,44
52,54,76,"u",18,39,44
52,54,76,"u",17,39,44
52,54,76,"u",16,39,44
52,54,73,"u",15,39,44
52,54,80,"u",14,39,44
52,54,79,"u",13,39,44
52,54,76,"u",12,39,44
52,54,76,"u",11,39,44
52,54,76,"u",10,39,44
52,54,84,"u",9,39,44
52,54,79,"u",8,39,44
52,54,72,"u",7,39,44
52,54,75,"u",6,39,44
52,54,67,"u",5,39,44
52,54,73,"u",4,39,44
52,54,73,"u",3,39,44
52,54,73,"u",2,39,44
52,54,76,"u",1,39,44
52,55,28,"u",180,39,44
52,55,28,"u",179,39,44
52,55,28,"u",178,39,44
52,55,30,"u",177,39,44
52,55,30,"u",176,39,44
52,55,30,"u",175,39,44
52,55,31,"u",174,39,44
52,55,35,"u",173,39,44
52,55,40,"u",172,39,44
52,55,40,"u",171,39,44
52,55,40,"u",170,39,44
52,55,40,"u",169,39,44
52,55,40,"u",168,39,44
52,55,40,"u",167,39,44
52,55,40,"u",166,39,44
52,55,43,"u",165,39,44
52,55,43,"u",164,39,44
52,55,43,"u",163,39,44
52,55,47,"u",162,39,44
52,55,23,"u",161,39,44
52,55,23,"u",160,39,44
52,55,23,"u",159,39,44
52,55,23,"u",158,39,44
52,55,23,"u",157,39,44
52,55,23,"u",156,39,44
52,55,23,"u",155,39,44
52,55,29,"u",154,39,44
52,55,28,"u",153,39,44
52,55,29,"u",152,39,44
52,55,29,"u",151,39,44
52,55,29,"u",150,39,44
52,55,29,"u",149,39,44
52,55,29,"u",148,39,44
52,55,34,"u",147,39,44
52,55,34,"u",146,39,44
52,55,34,"u",145,39,44
52,55,41,"u",144,39,44
52,55,41,"u",143,39,44
52,55,41,"u",142,39,44
52,55,41,"u",141,39,44
52,55,41,"u",140,39,44
52,55,42,"u",139,39,44
52,55,45,"u",138,39,44
52,55,45,"u",137,39,44
52,55,45,"u",136,39,44
52,55,45,"u",135,39,44
52,55,46,"u",134,39,44
52,55,47,"u",133,39,44
52,55,47,"u",132,39,44
52,55,44,"u",131,39,44
52,55,44,"u",130,39,44
52,55,46,"u",129,39,44
52,55,47,"u",128,39,44
52,55,46,"u",127,39,44
52,55,47,"u",126,39,44
52,55,47,"u",125,39,44
52,55,47,"u",124,39,44
52,55,47,"u",123,39,44
52,55,47,"u",122,39,44
52,55,47,"u",121,39,44
52,55,47,"u",120,39,44
52,55,47,"u",119,39,44
52,55,47,"u",118,39,44
52,55,47,"u",117,39,44
52,55,47,"u",116,39,44
52,55,47,"u",115,39,44
52,55,47,"u",114,39,44
52,55,47,"u",113,39,44
52,55,47,"u",112,39,44
52,55,47,"u",111,39,44
52,55,47,"u",110,39,44
52,55,47,"u",109,39,44
52,55,47,"u",108,39,44
52,55,47,"u",107,39,44
52,55,47,"u",106,39,44
52,55,47,"u",105,39,44
52,55,47,"u",104,39,44
52,55,47,"u",103,39,44
52,55,47,"u",102,39,44
52,55,47,"u",101,39,44
52,55,47,"u",100,39,44
52,55,47,"u",99,39,44
52,55,47,"u",98,39,44
52,55,47,"u",97,39,44
52,55,47,"u",96,39,44
52,55,50,"u",95,39,44
52,55,50,"u",94,39,44
52,55,50,"u",93,39,44
52,55,50,"u",92,39,44
52,55,50,"u",91,39,44
52,55,50,"u",90,39,44
52,55,50,"u",89,39,44
52,55,50,"u",88,39,44
52,55,50,"u",87,39,44
52,55,50,"u",86,39,44
52,55,50,"u",85,39,44
52,55,50,"u",84,39,44
52,55,50,"u",83,39,44
52,55,50,"u",82,39,44
52,55,55,"u",81,39,44
52,55,55,"u",80,39,44
52,55,55,"u",79,39,44
52,55,55,"u",78,39,44
52,55,55,"u",77,39,44
52,55,55,"u",76,39,44
52,55,55,"u",75,39,44
52,55,55,"u",74,39,44
52,55,55,"u",73,39,44
52,55,55,"u",72,39,44
52,55,55,"u",71,39,44
52,55,55,"u",70,39,44
52,55,55,"u",69,39,44
52,55,55,"u",68,39,44
52,55,55,"u",67,39,44
52,55,59,"u",66,39,44
52,55,59,"u",65,39,44
52,55,59,"u",64,39,44
52,55,59,"u",63,39,44
52,55,53,"u",62,39,44
52,55,53,"u",61,39,44
52,55,58,"u",60,39,44
52,55,50,"u",59,39,44
52,55,53,"u",58,39,44
52,55,59,"u",57,39,44
52,55,59,"u",56,39,44
52,55,59,"u",55,39,44
52,55,59,"u",54,39,44
52,55,59,"u",53,39,44
52,55,59,"u",52,39,44
52,55,59,"u",51,39,44
52,55,59,"u",50,39,44
52,55,59,"u",49,39,44
52,55,59,"u",48,39,44
52,55,59,"u",47,39,44
52,55,59,"u",46,39,44
52,55,59,"u",45,39,44
52,55,59,"u",44,39,44
52,55,59,"u",43,39,44
52,55,59,"u",42,39,44
52,55,60,"u",41,39,44
52,55,59,"u",40,39,44
52,55,59,"u",39,39,44
52,55,59,"u",38,39,44
52,55,59,"u",37,39,44
52,55,59,"u",36,39,44
52,55,59,"u",35,39,44
52,55,62,"u",34,39,44
52,55,62,"u",33,39,44
52,55,63,"u",32,39,44
52,55,63,"u",31,39,44
52,55,59,"u",30,39,44
52,55,63,"u",29,39,44
52,55,59,"u",28,39,44
52,55,71,"u",27,39,44
52,55,63,"u",26,39,44
52,55,65,"u",25,39,44
52,55,65,"u",24,39,44
52,55,67,"u",23,39,44
52,55,67,"u",22,39,44
52,55,68,"u",21,39,44
52,55,68,"u",20,39,44
52,55,64,"u",19,39,44
52,55,67,"u",18,39,44
52,55,67,"u",17,39,44
52,55,67,"u",16,39,44
52,55,64,"u",15,39,44
52,55,63,"u",14,39,44
52,55,70,"u",13,39,44
52,55,71,"u",12,39,44
52,55,71,"u",11,39,44
52,55,71,"u",10,39,44
52,55,71,"u",9,39,44
52,55,71,"u",8,39,44
52,55,71,"u",7,39,44
52,55,73,"u",6,39,44
52,55,65,"u",5,39,44
52,55,71,"u",4,39,44
52,55,69,"u",3,39,44
52,55,69,"u",2,39,44
52,55,75,"u",1,39,44
53,55,11,"u",180,40,4
53,55,11,"u",179,40,4
53,55,11,"u",178,40,4
53,55,11,"u",177,40,4
53,55,11,"u",176,40,4
53,55,11,"u",175,40,4
53,55,11,"u",174,40,4
53,55,11,"u",173,40,4
53,55,11,"u",172,40,4
53,55,11,"u",171,40,4
53,55,11,"u",170,40,4
53,55,11,"u",169,40,4
53,55,11,"u",168,40,4
53,55,11,"u",167,40,4
53,55,11,"u",166,40,4
53,55,11,"u",165,40,4
53,55,11,"u",164,40,4
53,55,11,"u",163,40,4
53,55,11,"u",162,40,4
53,55,11,"u",161,40,4
53,55,11,"u",160,40,4
53,55,11,"u",159,40,4
53,55,11,"u",158,40,4
53,55,11,"u",157,40,4
53,55,11,"u",156,40,4
53,55,11,"u",155,40,4
53,55,11,"u",154,40,4
53,55,11,"u",153,40,4
53,55,11,"u",152,40,4
53,55,11,"u",151,40,4
53,55,11,"u",150,40,4
53,55,11,"u",149,40,4
53,55,11,"u",148,40,4
53,55,11,"u",147,40,4
53,55,12,"u",146,40,4
53,55,12,"u",145,40,4
53,55,12,"u",144,40,4
53,55,12,"u",143,40,4
53,55,12,"u",142,40,4
53,55,12,"u",141,40,4
53,55,12,"u",140,40,4
53,55,12,"u",139,40,4
53,55,12,"u",138,40,4
53,55,12,"u",137,40,4
53,55,12,"u",136,40,4
53,55,12,"u",135,40,4
53,55,12,"u",134,40,4
53,55,12,"u",133,40,4
53,55,12,"u",132,40,4
53,55,11,"u",131,40,4
53,55,11,"u",130,40,4
53,55,11,"u",129,40,4
53,55,11,"u",128,40,4
53,55,12,"u",127,40,4
53,55,12,"u",126,40,4
53,55,12,"u",125,40,4
53,55,12,"u",124,40,4
53,55,12,"u",123,40,4
53,55,12,"u",122,40,4
53,55,11,"u",121,40,4
53,55,11,"u",120,40,4
53,55,11,"u",119,40,4
53,55,11,"u",118,40,4
53,55,11,"u",117,40,4
53,55,11,"u",116,40,4
53,55,12,"u",115,40,4
53,55,12,"u",114,40,4
53,55,12,"u",113,40,4
53,55,12,"u",112,40,4
53,55,12,"u",111,40,4
53,55,12,"u",110,40,4
53,55,12,"u",109,40,4
53,55,12,"u",108,40,4
53,55,12,"u",107,40,4
53,55,12,"u",106,40,4
53,55,12,"u",105,40,4
53,55,12,"u",104,40,4
53,55,12,"u",103,40,4
53,55,12,"u",102,40,4
53,55,12,"u",101,40,4
53,55,12,"u",100,40,4
53,55,12,"u",99,40,4
53,55,12,"u",98,40,4
53,55,12,"u",97,40,4
53,55,12,"u",96,40,4
53,55,12,"u",95,40,4
53,55,12,"u",94,40,4
53,55,12,"u",93,40,4
53,55,9.8,"u",92,40,4
53,55,10,"u",91,40,4
53,55,10,"u",90,40,4
53,55,10,"u",89,40,4
53,55,10,"u",88,40,4
53,55,11,"u",87,40,4
53,55,12,"u",86,40,4
53,55,12,"u",85,40,4
53,55,11,"u",84,40,4
53,55,11,"u",83,40,4
53,55,11,"u",82,40,4
53,55,11,"u",81,40,4
53,55,11,"u",80,40,4
53,55,12,"u",79,40,4
53,55,12,"u",78,40,4
53,55,12,"u",77,40,4
53,55,12,"u",76,40,4
53,55,12,"u",75,40,4
53,55,12,"u",74,40,4
53,55,12,"u",73,40,4
53,55,12,"u",72,40,4
53,55,12,"u",71,40,4
53,55,12,"u",70,40,4
53,55,12,"u",69,40,4
53,55,12,"u",68,40,4
53,55,11,"u",67,40,4
53,55,11,"u",66,40,4
53,55,11,"u",65,40,4
53,55,11,"u",64,40,4
53,55,11,"u",63,40,4
53,55,11,"u",62,40,4
53,55,11,"u",61,40,4
53,55,11,"u",60,40,4
53,55,11,"u",59,40,4
53,55,11,"u",58,40,4
53,55,9.6,"u",57,40,4
53,55,8,"u",56,40,4
53,55,9.6,"u",55,40,4
53,55,9.6,"u",54,40,4
53,55,10,"u",53,40,4
53,55,10,"u",52,40,4
53,55,10,"u",51,40,4
53,55,10,"u",50,40,4
53,55,7.6,"u",49,40,4
53,55,7.6,"u",48,40,4
53,55,7.6,"u",47,40,4
53,55,7.6,"u",46,40,4
53,55,11,"u",45,40,4
53,55,11,"u",44,40,4
53,55,11,"u",43,40,4
53,55,7.6,"u",42,40,4
53,55,10,"u",41,40,4
53,55,11,"u",40,40,4
53,55,11,"u",39,40,4
53,55,11,"u",38,40,4
53,55,12,"u",37,40,4
53,55,11,"u",36,40,4
53,55,8.1,"u",35,40,4
53,55,8.1,"u",34,40,4
53,55,8.1,"u",33,40,4
53,55,11,"u",32,40,4
53,55,11,"u",31,40,4
53,55,9.7,"u",30,40,4
53,55,12,"u",29,40,4
53,55,11,"u",28,40,4
53,55,11,"u",27,40,4
53,55,9.3,"u",26,40,4
53,55,9.3,"u",25,40,4
53,55,11,"u",24,40,4
53,55,11,"u",23,40,4
53,55,10,"u",22,40,4
53,55,10,"u",21,40,4
53,55,12,"u",20,40,4
53,55,9.3,"u",19,40,4
53,55,9.3,"u",18,40,4
53,55,12,"u",17,40,4
53,55,9.3,"u",16,40,4
53,55,11,"u",15,40,4
53,55,11,"u",14,40,4
53,55,11,"u",13,40,4
53,55,9.8,"u",12,40,4
53,55,10,"u",11,40,4
53,55,10,"u",10,40,4
53,55,11,"u",9,40,4
53,55,12,"u",8,40,4
53,55,9.6,"u",7,40,4
53,55,9.6,"u",6,40,4
53,55,11,"u",5,40,4
53,55,11,"u",4,40,4
53,55,11,"u",3,40,4
53,55,12,"u",2,40,4
53,55,11,"u",1,40,4
53,54,11,"u",180,40,4
53,54,11,"u",179,40,4
53,54,11,"u",178,40,4
53,54,11,"u",177,40,4
53,54,11,"u",176,40,4
53,54,11,"u",175,40,4
53,54,11,"u",174,40,4
53,54,11,"u",173,40,4
53,54,11,"u",172,40,4
53,54,11,"u",171,40,4
53,54,11,"u",170,40,4
53,54,11,"u",169,40,4
53,54,11,"u",168,40,4
53,54,11,"u",167,40,4
53,54,11,"u",166,40,4
53,54,11,"u",165,40,4
53,54,11,"u",164,40,4
53,54,11,"u",163,40,4
53,54,11,"u",162,40,4
53,54,11,"u",161,40,4
53,54,11,"u",160,40,4
53,54,11,"u",159,40,4
53,54,11,"u",158,40,4
53,54,11,"u",157,40,4
53,54,11,"u",156,40,4
53,54,11,"u",155,40,4
53,54,11,"u",154,40,4
53,54,11,"u",153,40,4
53,54,11,"u",152,40,4
53,54,11,"u",151,40,4
53,54,11,"u",150,40,4
53,54,11,"u",149,40,4
53,54,11,"u",148,40,4
53,54,11,"u",147,40,4
53,54,12,"u",146,40,4
53,54,12,"u",145,40,4
53,54,12,"u",144,40,4
53,54,12,"u",143,40,4
53,54,12,"u",142,40,4
53,54,12,"u",141,40,4
53,54,12,"u",140,40,4
53,54,12,"u",139,40,4
53,54,12,"u",138,40,4
53,54,12,"u",137,40,4
53,54,12,"u",136,40,4
53,54,12,"u",135,40,4
53,54,12,"u",134,40,4
53,54,12,"u",133,40,4
53,54,12,"u",132,40,4
53,54,12,"u",131,40,4
53,54,12,"u",130,40,4
53,54,12,"u",129,40,4
53,54,12,"u",128,40,4
53,54,12,"u",127,40,4
53,54,12,"u",126,40,4
53,54,12,"u",125,40,4
53,54,12,"u",124,40,4
53,54,12,"u",123,40,4
53,54,12,"u",122,40,4
53,54,12,"u",121,40,4
53,54,12,"u",120,40,4
53,54,12,"u",119,40,4
53,54,12,"u",118,40,4
53,54,12,"u",117,40,4
53,54,12,"u",116,40,4
53,54,12,"u",115,40,4
53,54,12,"u",114,40,4
53,54,12,"u",113,40,4
53,54,12,"u",112,40,4
53,54,12,"u",111,40,4
53,54,12,"u",110,40,4
53,54,12,"u",109,40,4
53,54,12,"u",108,40,4
53,54,12,"u",107,40,4
53,54,12,"u",106,40,4
53,54,12,"u",105,40,4
53,54,12,"u",104,40,4
53,54,12,"u",103,40,4
53,54,12,"u",102,40,4
53,54,12,"u",101,40,4
53,54,12,"u",100,40,4
53,54,12,"u",99,40,4
53,54,12,"u",98,40,4
53,54,12,"u",97,40,4
53,54,12,"u",96,40,4
53,54,12,"u",95,40,4
53,54,12,"u",94,40,4
53,54,12,"u",93,40,4
53,54,12,"u",92,40,4
53,54,12,"u",91,40,4
53,54,12,"u",90,40,4
53,54,12,"u",89,40,4
53,54,12,"u",88,40,4
53,54,12,"u",87,40,4
53,54,12,"u",86,40,4
53,54,12,"u",85,40,4
53,54,12,"u",84,40,4
53,54,12,"u",83,40,4
53,54,12,"u",82,40,4
53,54,12,"u",81,40,4
53,54,12,"u",80,40,4
53,54,12,"u",79,40,4
53,54,12,"u",78,40,4
53,54,12,"u",77,40,4
53,54,12,"u",76,40,4
53,54,12,"u",75,40,4
53,54,12,"u",74,40,4
53,54,12,"u",73,40,4
53,54,12,"u",72,40,4
53,54,12,"u",71,40,4
53,54,12,"u",70,40,4
53,54,12,"u",69,40,4
53,54,12,"u",68,40,4
53,54,12,"u",67,40,4
53,54,12,"u",66,40,4
53,54,12,"u",65,40,4
53,54,12,"u",64,40,4
53,54,12,"u",63,40,4
53,54,12,"u",62,40,4
53,54,13,"u",61,40,4
53,54,13,"u",60,40,4
53,54,13,"u",59,40,4
53,54,12,"u",58,40,4
53,54,13,"u",57,40,4
53,54,11,"u",56,40,4
53,54,9.6,"u",55,40,4
53,54,12,"u",54,40,4
53,54,12,"u",53,40,4
53,54,12,"u",52,40,4
53,54,12,"u",51,40,4
53,54,12,"u",50,40,4
53,54,7.6,"u",49,40,4
53,54,12,"u",48,40,4
53,54,7.6,"u",47,40,4
53,54,13,"u",46,40,4
53,54,13,"u",45,40,4
53,54,12,"u",44,40,4
53,54,12,"u",43,40,4
53,54,9.3,"u",42,40,4
53,54,13,"u",41,40,4
53,54,13,"u",40,40,4
53,54,13,"u",39,40,4
53,54,13,"u",38,40,4
53,54,12,"u",37,40,4
53,54,12,"u",36,40,4
53,54,12,"u",35,40,4
53,54,12,"u",34,40,4
53,54,12,"u",33,40,4
53,54,12,"u",32,40,4
53,54,13,"u",31,40,4
53,54,13,"u",30,40,4
53,54,13,"u",29,40,4
53,54,13,"u",28,40,4
53,54,14,"u",27,40,4
53,54,13,"u",26,40,4
53,54,13,"u",25,40,4
53,54,14,"u",24,40,4
53,54,13,"u",23,40,4
53,54,14,"u",22,40,4
53,54,14,"u",21,40,4
53,54,13,"u",20,40,4
53,54,13,"u",19,40,4
53,54,14,"u",18,40,4
53,54,13,"u",17,40,4
53,54,13,"u",16,40,4
53,54,13,"u",15,40,4
53,54,14,"u",14,40,4
53,54,14,"u",13,40,4
53,54,14,"u",12,40,4
53,54,14,"u",11,40,4
53,54,14,"u",10,40,4
53,54,13,"u",9,40,4
53,54,14,"u",8,40,4
53,54,11,"u",7,40,4
53,54,11,"u",6,40,4
53,54,11,"u",5,40,4
53,54,12,"u",4,40,4
53,54,12,"u",3,40,4
53,54,14,"u",2,40,4
53,54,14,"u",1,40,4
52,55,10,"u",180,40,4
52,55,10,"u",179,40,4
52,55,10,"u",178,40,4
52,55,10,"u",177,40,4
52,55,11,"u",176,40,4
52,55,11,"u",175,40,4
52,55,11,"u",174,40,4
52,55,11,"u",173,40,4
52,55,11,"u",172,40,4
52,55,11,"u",171,40,4
52,55,11,"u",170,40,4
52,55,11,"u",169,40,4
52,55,11,"u",168,40,4
52,55,11,"u",167,40,4
52,55,11,"u",166,40,4
52,55,11,"u",165,40,4
52,55,11,"u",164,40,4
52,55,11,"u",163,40,4
52,55,11,"u",162,40,4
52,55,11,"u",161,40,4
52,55,11,"u",160,40,4
52,55,11,"u",159,40,4
52,55,10,"u",158,40,4
52,55,10,"u",157,40,4
52,55,10,"u",156,40,4
52,55,11,"u",155,40,4
52,55,11,"u",154,40,4
52,55,11,"u",153,40,4
52,55,11,"u",152,40,4
52,55,11,"u",151,40,4
52,55,11,"u",150,40,4
52,55,11,"u",149,40,4
52,55,11,"u",148,40,4
52,55,11,"u",147,40,4
52,55,11,"u",146,40,4
52,55,12,"u",145,40,4
52,55,11,"u",144,40,4
52,55,11,"u",143,40,4
52,55,12,"u",142,40,4
52,55,11,"u",141,40,4
52,55,11,"u",140,40,4
52,55,11,"u",139,40,4
52,55,11,"u",138,40,4
52,55,11,"u",137,40,4
52,55,11,"u",136,40,4
52,55,11,"u",135,40,4
52,55,12,"u",134,40,4
52,55,12,"u",133,40,4
52,55,12,"u",132,40,4
52,55,12,"u",131,40,4
52,55,11,"u",130,40,4
52,55,11,"u",129,40,4
52,55,11,"u",128,40,4
52,55,11,"u",127,40,4
52,55,11,"u",126,40,4
52,55,11,"u",125,40,4
52,55,11,"u",124,40,4
52,55,11,"u",123,40,4
52,55,11,"u",122,40,4
52,55,12,"u",121,40,4
52,55,11,"u",120,40,4
52,55,11,"u",119,40,4
52,55,11,"u",118,40,4
52,55,11,"u",117,40,4
52,55,11,"u",116,40,4
52,55,11,"u",115,40,4
52,55,11,"u",114,40,4
52,55,12,"u",113,40,4
52,55,12,"u",112,40,4
52,55,12,"u",111,40,4
52,55,12,"u",110,40,4
52,55,11,"u",109,40,4
52,55,11,"u",108,40,4
52,55,10,"u",107,40,4
52,55,9.9,"u",106,40,4
52,55,9.9,"u",105,40,4
52,55,10,"u",104,40,4
52,55,10,"u",103,40,4
52,55,11,"u",102,40,4
52,55,11,"u",101,40,4
52,55,11,"u",100,40,4
52,55,11,"u",99,40,4
52,55,12,"u",98,40,4
52,55,10,"u",97,40,4
52,55,10,"u",96,40,4
52,55,10,"u",95,40,4
52,55,10,"u",94,40,4
52,55,10,"u",93,40,4
52,55,10,"u",92,40,4
52,55,9.7,"u",91,40,4
52,55,9.4,"u",90,40,4
52,55,9.9,"u",89,40,4
52,55,11,"u",88,40,4
52,55,11,"u",87,40,4
52,55,12,"u",86,40,4
52,55,12,"u",85,40,4
52,55,12,"u",84,40,4
52,55,11,"u",83,40,4
52,55,12,"u",82,40,4
52,55,10,"u",81,40,4
52,55,11,"u",80,40,4
52,55,11,"u",79,40,4
52,55,9.8,"u",78,40,4
52,55,9.8,"u",77,40,4
52,55,9.8,"u",76,40,4
52,55,9.8,"u",75,40,4
52,55,9.8,"u",74,40,4
52,55,9.8,"u",73,40,4
52,55,9.8,"u",72,40,4
52,55,9.8,"u",71,40,4
52,55,9.8,"u",70,40,4
52,55,9.8,"u",69,40,4
52,55,9.8,"u",68,40,4
52,55,9.8,"u",67,40,4
52,55,9.8,"u",66,40,4
52,55,9.8,"u",65,40,4
52,55,9.8,"u",64,40,4
52,55,11,"u",63,40,4
52,55,11,"u",62,40,4
52,55,11,"u",61,40,4
52,55,9.7,"u",60,40,4
52,55,11,"u",59,40,4
52,55,11,"u",58,40,4
52,55,11,"u",57,40,4
52,55,9.6,"u",56,40,4
52,55,9.6,"u",55,40,4
52,55,9.6,"u",54,40,4
52,55,9.6,"u",53,40,4
52,55,10,"u",52,40,4
52,55,10,"u",51,40,4
52,55,10,"u",50,40,4
52,55,10,"u",49,40,4
52,55,7.6,"u",48,40,4
52,55,7.6,"u",47,40,4
52,55,7.6,"u",46,40,4
52,55,7.6,"u",45,40,4
52,55,10,"u",44,40,4
52,55,10,"u",43,40,4
52,55,8.9,"u",42,40,4
52,55,10,"u",41,40,4
52,55,10,"u",40,40,4
52,55,10,"u",39,40,4
52,55,10,"u",38,40,4
52,55,10,"u",37,40,4
52,55,11,"u",36,40,4
52,55,10,"u",35,40,4
52,55,8.1,"u",34,40,4
52,55,8.1,"u",33,40,4
52,55,8.1,"u",32,40,4
52,55,10,"u",31,40,4
52,55,10,"u",30,40,4
52,55,8.9,"u",29,40,4
52,55,10,"u",28,40,4
52,55,10,"u",27,40,4
52,55,10,"u",26,40,4
52,55,9,"u",25,40,4
52,55,9,"u",24,40,4
52,55,11,"u",23,40,4
52,55,11,"u",22,40,4
52,55,10,"u",21,40,4
52,55,10,"u",20,40,4
52,55,11,"u",19,40,4
52,55,9,"u",18,40,4
52,55,9,"u",17,40,4
52,55,11,"u",16,40,4
52,55,9,"u",15,40,4
52,55,11,"u",14,40,4
52,55,11,"u",13,40,4
52,55,11,"u",12,40,4
52,55,9.4,"u",11,40,4
52,55,9.4,"u",10,40,4
52,55,10,"u",9,40,4
52,55,11,"u",8,40,4
52,55,12,"u",7,40,4
52,55,9.3,"u",6,40,4
52,55,9.3,"u",5,40,4
52,55,9.6,"u",4,40,4
52,55,9.6,"u",3,40,4
52,55,9.6,"u",2,40,4
52,55,11,"u",1,40,4
52,54,10,"u",180,40,4
52,54,10,"u",179,40,4
52,54,10,"u",178,40,4
52,54,10,"u",177,40,4
52,54,11,"u",176,40,4
52,54,11,"u",175,40,4
52,54,11,"u",174,40,4
52,54,11,"u",173,40,4
52,54,11,"u",172,40,4
52,54,11,"u",171,40,4
52,54,11,"u",170,40,4
52,54,11,"u",169,40,4
52,54,11,"u",168,40,4
52,54,11,"u",167,40,4
52,54,11,"u",166,40,4
52,54,11,"u",165,40,4
52,54,11,"u",164,40,4
52,54,11,"u",163,40,4
52,54,11,"u",162,40,4
52,54,11,"u",161,40,4
52,54,11,"u",160,40,4
52,54,11,"u",159,40,4
52,54,10,"u",158,40,4
52,54,10,"u",157,40,4
52,54,10,"u",156,40,4
52,54,11,"u",155,40,4
52,54,11,"u",154,40,4
52,54,11,"u",153,40,4
52,54,11,"u",152,40,4
52,54,11,"u",151,40,4
52,54,11,"u",150,40,4
52,54,11,"u",149,40,4
52,54,11,"u",148,40,4
52,54,11,"u",147,40,4
52,54,11,"u",146,40,4
52,54,12,"u",145,40,4
52,54,11,"u",144,40,4
52,54,11,"u",143,40,4
52,54,11,"u",142,40,4
52,54,11,"u",141,40,4
52,54,11,"u",140,40,4
52,54,11,"u",139,40,4
52,54,11,"u",138,40,4
52,54,11,"u",137,40,4
52,54,11,"u",136,40,4
52,54,11,"u",135,40,4
52,54,12,"u",134,40,4
52,54,12,"u",133,40,4
52,54,12,"u",132,40,4
52,54,12,"u",131,40,4
52,54,12,"u",130,40,4
52,54,12,"u",129,40,4
52,54,12,"u",128,40,4
52,54,12,"u",127,40,4
52,54,12,"u",126,40,4
52,54,12,"u",125,40,4
52,54,12,"u",124,40,4
52,54,12,"u",123,40,4
52,54,12,"u",122,40,4
52,54,12,"u",121,40,4
52,54,12,"u",120,40,4
52,54,12,"u",119,40,4
52,54,12,"u",118,40,4
52,54,11,"u",117,40,4
52,54,11,"u",116,40,4
52,54,11,"u",115,40,4
52,54,12,"u",114,40,4
52,54,12,"u",113,40,4
52,54,12,"u",112,40,4
52,54,12,"u",111,40,4
52,54,12,"u",110,40,4
52,54,11,"u",109,40,4
52,54,11,"u",108,40,4
52,54,12,"u",107,40,4
52,54,12,"u",106,40,4
52,54,12,"u",105,40,4
52,54,12,"u",104,40,4
52,54,12,"u",103,40,4
52,54,11,"u",102,40,4
52,54,11,"u",101,40,4
52,54,11,"u",100,40,4
52,54,12,"u",99,40,4
52,54,12,"u",98,40,4
52,54,12,"u",97,40,4
52,54,12,"u",96,40,4
52,54,12,"u",95,40,4
52,54,12,"u",94,40,4
52,54,12,"u",93,40,4
52,54,12,"u",92,40,4
52,54,12,"u",91,40,4
52,54,12,"u",90,40,4
52,54,12,"u",89,40,4
52,54,12,"u",88,40,4
52,54,12,"u",87,40,4
52,54,12,"u",86,40,4
52,54,12,"u",85,40,4
52,54,12,"u",84,40,4
52,54,12,"u",83,40,4
52,54,12,"u",82,40,4
52,54,12,"u",81,40,4
52,54,12,"u",80,40,4
52,54,12,"u",79,40,4
52,54,11,"u",78,40,4
52,54,11,"u",77,40,4
52,54,11,"u",76,40,4
52,54,11,"u",75,40,4
52,54,11,"u",74,40,4
52,54,11,"u",73,40,4
52,54,11,"u",72,40,4
52,54,11,"u",71,40,4
52,54,9.8,"u",70,40,4
52,54,9.8,"u",69,40,4
52,54,9.8,"u",68,40,4
52,54,9.8,"u",67,40,4
52,54,9.8,"u",66,40,4
52,54,11,"u",65,40,4
52,54,11,"u",64,40,4
52,54,12,"u",63,40,4
52,54,12,"u",62,40,4
52,54,12,"u",61,40,4
52,54,11,"u",60,40,4
52,54,12,"u",59,40,4
52,54,12,"u",58,40,4
52,54,12,"u",57,40,4
52,54,12,"u",56,40,4
52,54,12,"u",55,40,4
52,54,9.6,"u",54,40,4
52,54,12,"u",53,40,4
52,54,12,"u",52,40,4
52,54,12,"u",51,40,4
52,54,12,"u",50,40,4
52,54,12,"u",49,40,4
52,54,7.6,"u",48,40,4
52,54,12,"u",47,40,4
52,54,7.6,"u",46,40,4
52,54,13,"u",45,40,4
52,54,13,"u",44,40,4
52,54,12,"u",43,40,4
52,54,11,"u",42,40,4
52,54,12,"u",41,40,4
52,54,13,"u",40,40,4
52,54,13,"u",39,40,4
52,54,13,"u",38,40,4
52,54,13,"u",37,40,4
52,54,12,"u",36,40,4
52,54,12,"u",35,40,4
52,54,12,"u",34,40,4
52,54,12,"u",33,40,4
52,54,12,"u",32,40,4
52,54,12,"u",31,40,4
52,54,12,"u",30,40,4
52,54,13,"u",29,40,4
52,54,13,"u",28,40,4
52,54,13,"u",27,40,4
52,54,13,"u",26,40,4
52,54,13,"u",25,40,4
52,54,13,"u",24,40,4
52,54,14,"u",23,40,4
52,54,12,"u",22,40,4
52,54,14,"u",21,40,4
52,54,14,"u",20,40,4
52,54,13,"u",19,40,4
52,54,13,"u",18,40,4
52,54,14,"u",17,40,4
52,54,13,"u",16,40,4
52,54,13,"u",15,40,4
52,54,13,"u",14,40,4
52,54,13,"u",13,40,4
52,54,13,"u",12,40,4
52,54,13,"u",11,40,4
52,54,13,"u",10,40,4
52,54,13,"u",9,40,4
52,54,13,"u",8,40,4
52,54,14,"u",7,40,4
52,54,11,"u",6,40,4
52,54,11,"u",5,40,4
52,54,11,"u",4,40,4
52,54,12,"u",3,40,4
52,54,12,"u",2,40,4
52,54,13,"u",1,40,4
53,55,6.7,"u",180,40,17
53,55,7.1,"u",179,40,17
53,55,7.1,"u",178,40,17
53,55,7.1,"u",177,40,17
53,55,7.1,"u",176,40,17
53,55,7.1,"u",175,40,17
53,55,7.1,"u",174,40,17
53,55,7.1,"u",173,40,17
53,55,7.1,"u",172,40,17
53,55,7.1,"u",171,40,17
53,55,7.1,"u",170,40,17
53,55,7.1,"u",169,40,17
53,55,7.1,"u",168,40,17
53,55,7.1,"u",167,40,17
53,55,7.1,"u",166,40,17
53,55,7.1,"u",165,40,17
53,55,7.1,"u",164,40,17
53,55,7.1,"u",163,40,17
53,55,7.2,"u",162,40,17
53,55,7.6,"u",161,40,17
53,55,7.1,"u",160,40,17
53,55,7.1,"u",159,40,17
53,55,7.1,"u",158,40,17
53,55,7.1,"u",157,40,17
53,55,7.1,"u",156,40,17
53,55,7.1,"u",155,40,17
53,55,7.1,"u",154,40,17
53,55,7.1,"u",153,40,17
53,55,7.1,"u",152,40,17
53,55,7.1,"u",151,40,17
53,55,7.1,"u",150,40,17
53,55,7.1,"u",149,40,17
53,55,7.1,"u",148,40,17
53,55,7.1,"u",147,40,17
53,55,7.1,"u",146,40,17
53,55,7.1,"u",145,40,17
53,55,7.1,"u",144,40,17
53,55,7.6,"u",143,40,17
53,55,7.6,"u",142,40,17
53,55,7.6,"u",141,40,17
53,55,7.1,"u",140,40,17
53,55,7.1,"u",139,40,17
53,55,7.1,"u",138,40,17
53,55,7.1,"u",137,40,17
53,55,7.1,"u",136,40,17
53,55,7.1,"u",135,40,17
53,55,7.1,"u",134,40,17
53,55,7.2,"u",133,40,17
53,55,7.6,"u",132,40,17
53,55,7.6,"u",131,40,17
53,55,7.6,"u",130,40,17
53,55,7.6,"u",129,40,17
53,55,7.6,"u",128,40,17
53,55,7.6,"u",127,40,17
53,55,7.6,"u",126,40,17
53,55,7.6,"u",125,40,17
53,55,7.6,"u",124,40,17
53,55,7.6,"u",123,40,17
53,55,7.6,"u",122,40,17
53,55,7.6,"u",121,40,17
53,55,8.4,"u",120,40,17
53,55,7.8,"u",119,40,17
53,55,7.8,"u",118,40,17
53,55,7.8,"u",117,40,17
53,55,7.8,"u",116,40,17
53,55,7.8,"u",115,40,17
53,55,7.8,"u",114,40,17
53,55,7.6,"u",113,40,17
53,55,8.4,"u",112,40,17
53,55,8.4,"u",111,40,17
53,55,8.4,"u",110,40,17
53,55,8.4,"u",109,40,17
53,55,8.4,"u",108,40,17
53,55,8.4,"u",107,40,17
53,55,8.4,"u",106,40,17
53,55,8.4,"u",105,40,17
53,55,8.4,"u",104,40,17
53,55,7.4,"u",103,40,17
53,55,8.4,"u",102,40,17
53,55,8.4,"u",101,40,17
53,55,7.5,"u",100,40,17
53,55,7.5,"u",99,40,17
53,55,7.5,"u",98,40,17
53,55,7.5,"u",97,40,17
53,55,7.5,"u",96,40,17
53,55,7.5,"u",95,40,17
53,55,8.4,"u",94,40,17
53,55,8.4,"u",93,40,17
53,55,8.4,"u",92,40,17
53,55,8.4,"u",91,40,17
53,55,8.4,"u",90,40,17
53,55,8.4,"u",89,40,17
53,55,8.4,"u",88,40,17
53,55,8.4,"u",87,40,17
53,55,8.8,"u",86,40,17
53,55,8.8,"u",85,40,17
53,55,8.8,"u",84,40,17
53,55,8.8,"u",83,40,17
53,55,8.8,"u",82,40,17
53,55,8.8,"u",81,40,17
53,55,8.8,"u",80,40,17
53,55,9,"u",79,40,17
53,55,8.8,"u",78,40,17
53,55,7.3,"u",77,40,17
53,55,7.3,"u",76,40,17
53,55,7.3,"u",75,40,17
53,55,7.3,"u",74,40,17
53,55,7.3,"u",73,40,17
53,55,7.3,"u",72,40,17
53,55,7.3,"u",71,40,17
53,55,7.3,"u",70,40,17
53,55,7.3,"u",69,40,17
53,55,7.3,"u",68,40,17
53,55,7.3,"u",67,40,17
53,55,7.3,"u",66,40,17
53,55,7.3,"u",65,40,17
53,55,7.3,"u",64,40,17
53,55,8.1,"u",63,40,17
53,55,7.4,"u",62,40,17
53,55,7.4,"u",61,40,17
53,55,7.4,"u",60,40,17
53,55,7.4,"u",59,40,17
53,55,7.4,"u",58,40,17
53,55,7.4,"u",57,40,17
53,55,7.4,"u",56,40,17
53,55,7.4,"u",55,40,17
53,55,6.6,"u",54,40,17
53,55,6.6,"u",53,40,17
53,55,6.6,"u",52,40,17
53,55,6.6,"u",51,40,17
53,55,6.6,"u",50,40,17
53,55,6.3,"u",49,40,17
53,55,6.3,"u",48,40,17
53,55,6.1,"u",47,40,17
53,55,6.1,"u",46,40,17
53,55,6.1,"u",45,40,17
53,55,6.1,"u",44,40,17
53,55,6.1,"u",43,40,17
53,55,6.1,"u",42,40,17
53,55,5.8,"u",41,40,17
53,55,5.8,"u",40,40,17
53,55,5.8,"u",39,40,17
53,55,6.3,"u",38,40,17
53,55,6.3,"u",37,40,17
53,55,6.5,"u",36,40,17
53,55,6.5,"u",35,40,17
53,55,6.5,"u",34,40,17
53,55,7.3,"u",33,40,17
53,55,7.5,"u",32,40,17
53,55,8.2,"u",31,40,17
53,55,7.5,"u",30,40,17
53,55,7.5,"u",29,40,17
53,55,7.6,"u",28,40,17
53,55,8.5,"u",27,40,17
53,55,8.5,"u",26,40,17
53,55,9,"u",25,40,17
53,55,9,"u",24,40,17
53,55,9.5,"u",23,40,17
53,55,9.8,"u",22,40,17
53,55,9,"u",21,40,17
53,55,7.5,"u",20,40,17
53,55,8.3,"u",19,40,17
53,55,9,"u",18,40,17
53,55,8.8,"u",17,40,17
53,55,9,"u",16,40,17
53,55,9,"u",15,40,17
53,55,9,"u",14,40,17
53,55,7.8,"u",13,40,17
53,55,7.8,"u",12,40,17
53,55,7.7,"u",11,40,17
53,55,8.1,"u",10,40,17
53,55,8.9,"u",9,40,17
53,55,7.7,"u",8,40,17
53,55,7.7,"u",7,40,17
53,55,7.4,"u",6,40,17
53,55,7.4,"u",5,40,17
53,55,8.2,"u",4,40,17
53,55,9.6,"u",3,40,17
53,55,8.9,"u",2,40,17
53,55,11,"u",1,40,17
53,54,12,"u",180,40,17
53,54,13,"u",179,40,17
53,54,13,"u",178,40,17
53,54,13,"u",177,40,17
53,54,13,"u",176,40,17
53,54,13,"u",175,40,17
53,54,13,"u",174,40,17
53,54,13,"u",173,40,17
53,54,13,"u",172,40,17
53,54,13,"u",171,40,17
53,54,13,"u",170,40,17
53,54,13,"u",169,40,17
53,54,13,"u",168,40,17
53,54,12,"u",167,40,17
53,54,12,"u",166,40,17
53,54,12,"u",165,40,17
53,54,12,"u",164,40,17
53,54,12,"u",163,40,17
53,54,12,"u",162,40,17
53,54,13,"u",161,40,17
53,54,12,"u",160,40,17
53,54,12,"u",159,40,17
53,54,12,"u",158,40,17
53,54,12,"u",157,40,17
53,54,12,"u",156,40,17
53,54,12,"u",155,40,17
53,54,12,"u",154,40,17
53,54,12,"u",153,40,17
53,54,12,"u",152,40,17
53,54,12,"u",151,40,17
53,54,12,"u",150,40,17
53,54,12,"u",149,40,17
53,54,12,"u",148,40,17
53,54,12,"u",147,40,17
53,54,12,"u",146,40,17
53,54,12,"u",145,40,17
53,54,12,"u",144,40,17
53,54,13,"u",143,40,17
53,54,13,"u",142,40,17
53,54,13,"u",141,40,17
53,54,12,"u",140,40,17
53,54,12,"u",139,40,17
53,54,12,"u",138,40,17
53,54,12,"u",137,40,17
53,54,12,"u",136,40,17
53,54,12,"u",135,40,17
53,54,8.6,"u",134,40,17
53,54,9.9,"u",133,40,17
53,54,9.9,"u",132,40,17
53,54,9.9,"u",131,40,17
53,54,9.9,"u",130,40,17
53,54,9.9,"u",129,40,17
53,54,9.9,"u",128,40,17
53,54,9.9,"u",127,40,17
53,54,9.9,"u",126,40,17
53,54,9.9,"u",125,40,17
53,54,9.9,"u",124,40,17
53,54,9.9,"u",123,40,17
53,54,9.9,"u",122,40,17
53,54,9.9,"u",121,40,17
53,54,9.9,"u",120,40,17
53,54,11,"u",119,40,17
53,54,11,"u",118,40,17
53,54,11,"u",117,40,17
53,54,11,"u",116,40,17
53,54,11,"u",115,40,17
53,54,12,"u",114,40,17
53,54,12,"u",113,40,17
53,54,12,"u",112,40,17
53,54,12,"u",111,40,17
53,54,12,"u",110,40,17
53,54,12,"u",109,40,17
53,54,12,"u",108,40,17
53,54,12,"u",107,40,17
53,54,12,"u",106,40,17
53,54,12,"u",105,40,17
53,54,12,"u",104,40,17
53,54,12,"u",103,40,17
53,54,12,"u",102,40,17
53,54,12,"u",101,40,17
53,54,12,"u",100,40,17
53,54,12,"u",99,40,17
53,54,12,"u",98,40,17
53,54,12,"u",97,40,17
53,54,12,"u",96,40,17
53,54,12,"u",95,40,17
53,54,13,"u",94,40,17
53,54,13,"u",93,40,17
53,54,13,"u",92,40,17
53,54,12,"u",91,40,17
53,54,12,"u",90,40,17
53,54,12,"u",89,40,17
53,54,11,"u",88,40,17
53,54,11,"u",87,40,17
53,54,12,"u",86,40,17
53,54,12,"u",85,40,17
53,54,12,"u",84,40,17
53,54,12,"u",83,40,17
53,54,12,"u",82,40,17
53,54,12,"u",81,40,17
53,54,12,"u",80,40,17
53,54,12,"u",79,40,17
53,54,12,"u",78,40,17
53,54,8.1,"u",77,40,17
53,54,9.5,"u",76,40,17
53,54,11,"u",75,40,17
53,54,11,"u",74,40,17
53,54,11,"u",73,40,17
53,54,10,"u",72,40,17
53,54,10,"u",71,40,17
53,54,10,"u",70,40,17
53,54,11,"u",69,40,17
53,54,11,"u",68,40,17
53,54,11,"u",67,40,17
53,54,11,"u",66,40,17
53,54,11,"u",65,40,17
53,54,11,"u",64,40,17
53,54,11,"u",63,40,17
53,54,11,"u",62,40,17
53,54,11,"u",61,40,17
53,54,11,"u",60,40,17
53,54,11,"u",59,40,17
53,54,11,"u",58,40,17
53,54,11,"u",57,40,17
53,54,11,"u",56,40,17
53,54,11,"u",55,40,17
53,54,9.2,"u",54,40,17
53,54,9.2,"u",53,40,17
53,54,9.2,"u",52,40,17
53,54,9.2,"u",51,40,17
53,54,9.2,"u",50,40,17
53,54,8.9,"u",49,40,17
53,54,8.9,"u",48,40,17
53,54,8.1,"u",47,40,17
53,54,8.1,"u",46,40,17
53,54,8.1,"u",45,40,17
53,54,8.7,"u",44,40,17
53,54,8.7,"u",43,40,17
53,54,8.7,"u",42,40,17
53,54,8.5,"u",41,40,17
53,54,8.5,"u",40,40,17
53,54,8.5,"u",39,40,17
53,54,8.5,"u",38,40,17
53,54,8.5,"u",37,40,17
53,54,8.7,"u",36,40,17
53,54,9.8,"u",35,40,17
53,54,9.8,"u",34,40,17
53,54,9.8,"u",33,40,17
53,54,10,"u",32,40,17
53,54,10,"u",31,40,17
53,54,10,"u",30,40,17
53,54,10,"u",29,40,17
53,54,10,"u",28,40,17
53,54,10,"u",27,40,17
53,54,10,"u",26,40,17
53,54,11,"u",25,40,17
53,54,11,"u",24,40,17
53,54,12,"u",23,40,17
53,54,12,"u",22,40,17
53,54,11,"u",21,40,17
53,54,11,"u",20,40,17
53,54,11,"u",19,40,17
53,54,11,"u",18,40,17
53,54,11,"u",17,40,17
53,54,11,"u",16,40,17
53,54,11,"u",15,40,17
53,54,11,"u",14,40,17
53,54,10,"u",13,40,17
53,54,10,"u",12,40,17
53,54,10,"u",11,40,17
53,54,11,"u",10,40,17
53,54,9.7,"u",9,40,17
53,54,8.4,"u",8,40,17
53,54,8.5,"u",7,40,17
53,54,8.3,"u",6,40,17
53,54,8.9,"u",5,40,17
53,54,9.7,"u",4,40,17
53,54,10,"u",3,40,17
53,54,10,"u",2,40,17
53,54,13,"u",1,40,17
52,54,12,"u",180,40,17
52,54,12,"u",179,40,17
52,54,12,"u",178,40,17
52,54,12,"u",177,40,17
52,54,12,"u",176,40,17
52,54,12,"u",175,40,17
52,54,12,"u",174,40,17
52,54,12,"u",173,40,17
52,54,12,"u",172,40,17
52,54,12,"u",171,40,17
52,54,12,"u",170,40,17
52,54,12,"u",169,40,17
52,54,12,"u",168,40,17
52,54,12,"u",167,40,17
52,54,12,"u",166,40,17
52,54,11,"u",165,40,17
52,54,11,"u",164,40,17
52,54,11,"u",163,40,17
52,54,11,"u",162,40,17
52,54,11,"u",161,40,17
52,54,11,"u",160,40,17
52,54,12,"u",159,40,17
52,54,11,"u",158,40,17
52,54,11,"u",157,40,17
52,54,11,"u",156,40,17
52,54,11,"u",155,40,17
52,54,11,"u",154,40,17
52,54,11,"u",153,40,17
52,54,11,"u",152,40,17
52,54,11,"u",151,40,17
52,54,11,"u",150,40,17
52,54,11,"u",149,40,17
52,54,11,"u",148,40,17
52,54,11,"u",147,40,17
52,54,11,"u",146,40,17
52,54,11,"u",145,40,17
52,54,11,"u",144,40,17
52,54,11,"u",143,40,17
52,54,11,"u",142,40,17
52,54,11,"u",141,40,17
52,54,11,"u",140,40,17
52,54,11,"u",139,40,17
52,54,11,"u",138,40,17
52,54,11,"u",137,40,17
52,54,11,"u",136,40,17
52,54,11,"u",135,40,17
52,54,11,"u",134,40,17
52,54,8,"u",133,40,17
52,54,8.7,"u",132,40,17
52,54,8.7,"u",131,40,17
52,54,8.7,"u",130,40,17
52,54,8.7,"u",129,40,17
52,54,8.7,"u",128,40,17
52,54,8.7,"u",127,40,17
52,54,8.7,"u",126,40,17
52,54,8.7,"u",125,40,17
52,54,8.7,"u",124,40,17
52,54,8.7,"u",123,40,17
52,54,8.7,"u",122,40,17
52,54,8.7,"u",121,40,17
52,54,8.7,"u",120,40,17
52,54,8.7,"u",119,40,17
52,54,10,"u",118,40,17
52,54,9.9,"u",117,40,17
52,54,10,"u",116,40,17
52,54,10,"u",115,40,17
52,54,10,"u",114,40,17
52,54,11,"u",113,40,17
52,54,11,"u",112,40,17
52,54,11,"u",111,40,17
52,54,11,"u",110,40,17
52,54,11,"u",109,40,17
52,54,11,"u",108,40,17
52,54,11,"u",107,40,17
52,54,11,"u",106,40,17
52,54,11,"u",105,40,17
52,54,11,"u",104,40,17
52,54,11,"u",103,40,17
52,54,8.3,"u",102,40,17
52,54,11,"u",101,40,17
52,54,11,"u",100,40,17
52,54,11,"u",99,40,17
52,54,11,"u",98,40,17
52,54,11,"u",97,40,17
52,54,11,"u",96,40,17
52,54,11,"u",95,40,17
52,54,11,"u",94,40,17
52,54,11,"u",93,40,17
52,54,11,"u",92,40,17
52,54,12,"u",91,40,17
52,54,12,"u",90,40,17
52,54,12,"u",89,40,17
52,54,12,"u",88,40,17
52,54,10,"u",87,40,17
52,54,10,"u",86,40,17
52,54,9.8,"u",85,40,17
52,54,10,"u",84,40,17
52,54,9.8,"u",83,40,17
52,54,9.8,"u",82,40,17
52,54,9.8,"u",81,40,17
52,54,9.8,"u",80,40,17
52,54,10,"u",79,40,17
52,54,10,"u",78,40,17
52,54,10,"u",77,40,17
52,54,7.1,"u",76,40,17
52,54,8.8,"u",75,40,17
52,54,10,"u",74,40,17
52,54,10,"u",73,40,17
52,54,10,"u",72,40,17
52,54,9.1,"u",71,40,17
52,54,9.2,"u",70,40,17
52,54,9.2,"u",69,40,17
52,54,10,"u",68,40,17
52,54,10,"u",67,40,17
52,54,10,"u",66,40,17
52,54,10,"u",65,40,17
52,54,10,"u",64,40,17
52,54,10,"u",63,40,17
52,54,10,"u",62,40,17
52,54,9.6,"u",61,40,17
52,54,9.6,"u",60,40,17
52,54,9.6,"u",59,40,17
52,54,9.6,"u",58,40,17
52,54,9.6,"u",57,40,17
52,54,9.6,"u",56,40,17
52,54,9.6,"u",55,40,17
52,54,9.6,"u",54,40,17
52,54,8.5,"u",53,40,17
52,54,8.5,"u",52,40,17
52,54,8.5,"u",51,40,17
52,54,8.5,"u",50,40,17
52,54,8.5,"u",49,40,17
52,54,8.5,"u",48,40,17
52,54,8.5,"u",47,40,17
52,54,7.8,"u",46,40,17
52,54,7.8,"u",45,40,17
52,54,7.8,"u",44,40,17
52,54,8.5,"u",43,40,17
52,54,8.5,"u",42,40,17
52,54,8.5,"u",41,40,17
52,54,8.5,"u",40,40,17
52,54,8.5,"u",39,40,17
52,54,8.5,"u",38,40,17
52,54,8.5,"u",37,40,17
52,54,8.5,"u",36,40,17
52,54,8.5,"u",35,40,17
52,54,9.5,"u",34,40,17
52,54,9.8,"u",33,40,17
52,54,9.8,"u",32,40,17
52,54,9.8,"u",31,40,17
52,54,9.6,"u",30,40,17
52,54,9.7,"u",29,40,17
52,54,9.7,"u",28,40,17
52,54,9.8,"u",27,40,17
52,54,9.8,"u",26,40,17
52,54,9.8,"u",25,40,17
52,54,9.8,"u",24,40,17
52,54,10,"u",23,40,17
52,54,10,"u",22,40,17
52,54,10,"u",21,40,17
52,54,10,"u",20,40,17
52,54,10,"u",19,40,17
52,54,10,"u",18,40,17
52,54,10,"u",17,40,17
52,54,11,"u",16,40,17
52,54,9.7,"u",15,40,17
52,54,9.6,"u",14,40,17
52,54,9.6,"u",13,40,17
52,54,9.6,"u",12,40,17
52,54,9.6,"u",11,40,17
52,54,9.6,"u",10,40,17
52,54,9.6,"u",9,40,17
52,54,8.4,"u",8,40,17
52,54,7.7,"u",7,40,17
52,54,7.8,"u",6,40,17
52,54,8.1,"u",5,40,17
52,54,8.7,"u",4,40,17
52,54,8.9,"u",3,40,17
52,54,9.1,"u",2,40,17
52,54,9.7,"u",1,40,17
52,55,6.7,"u",180,40,17
52,55,6.7,"u",179,40,17
52,55,6.7,"u",178,40,17
52,55,6.7,"u",177,40,17
52,55,6.7,"u",176,40,17
52,55,6.7,"u",175,40,17
52,55,6.7,"u",174,40,17
52,55,6.7,"u",173,40,17
52,55,6.7,"u",172,40,17
52,55,6.7,"u",171,40,17
52,55,6.7,"u",170,40,17
52,55,6.7,"u",169,40,17
52,55,6.7,"u",168,40,17
52,55,6.7,"u",167,40,17
52,55,6.7,"u",166,40,17
52,55,6.7,"u",165,40,17
52,55,6.7,"u",164,40,17
52,55,6.7,"u",163,40,17
52,55,6.7,"u",162,40,17
52,55,6.5,"u",161,40,17
52,55,6.5,"u",160,40,17
52,55,6.7,"u",159,40,17
52,55,6.7,"u",158,40,17
52,55,6.7,"u",157,40,17
52,55,6.7,"u",156,40,17
52,55,6.7,"u",155,40,17
52,55,6.7,"u",154,40,17
52,55,6.7,"u",153,40,17
52,55,6.7,"u",152,40,17
52,55,6.7,"u",151,40,17
52,55,6.7,"u",150,40,17
52,55,6.7,"u",149,40,17
52,55,6.7,"u",148,40,17
52,55,6.7,"u",147,40,17
52,55,6.7,"u",146,40,17
52,55,6.7,"u",145,40,17
52,55,6.7,"u",144,40,17
52,55,6.7,"u",143,40,17
52,55,6.7,"u",142,40,17
52,55,6.7,"u",141,40,17
52,55,6.7,"u",140,40,17
52,55,6.7,"u",139,40,17
52,55,6.7,"u",138,40,17
52,55,6.7,"u",137,40,17
52,55,6.7,"u",136,40,17
52,55,6.7,"u",135,40,17
52,55,6.7,"u",134,40,17
52,55,6.7,"u",133,40,17
52,55,6.7,"u",132,40,17
52,55,6.7,"u",131,40,17
52,55,6.7,"u",130,40,17
52,55,6.7,"u",129,40,17
52,55,6.7,"u",128,40,17
52,55,6.7,"u",127,40,17
52,55,6.7,"u",126,40,17
52,55,6.7,"u",125,40,17
52,55,6.7,"u",124,40,17
52,55,6.7,"u",123,40,17
52,55,6.7,"u",122,40,17
52,55,6.7,"u",121,40,17
52,55,6.7,"u",120,40,17
52,55,7.4,"u",119,40,17
52,55,7.4,"u",118,40,17
52,55,7.4,"u",117,40,17
52,55,7.4,"u",116,40,17
52,55,7.4,"u",115,40,17
52,55,7.4,"u",114,40,17
52,55,7.4,"u",113,40,17
52,55,7.4,"u",112,40,17
52,55,7.4,"u",111,40,17
52,55,7.4,"u",110,40,17
52,55,7.4,"u",109,40,17
52,55,7.4,"u",108,40,17
52,55,7,"u",107,40,17
52,55,7,"u",106,40,17
52,55,7,"u",105,40,17
52,55,7,"u",104,40,17
52,55,7.1,"u",103,40,17
52,55,4.1,"u",102,40,17
52,55,7.1,"u",101,40,17
52,55,7.1,"u",100,40,17
52,55,7.1,"u",99,40,17
52,55,7.1,"u",98,40,17
52,55,7.1,"u",97,40,17
52,55,7.1,"u",96,40,17
52,55,7.1,"u",95,40,17
52,55,7.1,"u",94,40,17
52,55,7.1,"u",93,40,17
52,55,7.1,"u",92,40,17
52,55,7.1,"u",91,40,17
52,55,7.1,"u",90,40,17
52,55,7.1,"u",89,40,17
52,55,7.1,"u",88,40,17
52,55,7.1,"u",87,40,17
52,55,7.1,"u",86,40,17
52,55,7.1,"u",85,40,17
52,55,7.1,"u",84,40,17
52,55,6.9,"u",83,40,17
52,55,6.9,"u",82,40,17
52,55,6.9,"u",81,40,17
52,55,6.9,"u",80,40,17
52,55,7.1,"u",79,40,17
52,55,7.1,"u",78,40,17
52,55,7.1,"u",77,40,17
52,55,6.6,"u",76,40,17
52,55,6.6,"u",75,40,17
52,55,6.6,"u",74,40,17
52,55,6.6,"u",73,40,17
52,55,6.6,"u",72,40,17
52,55,6.6,"u",71,40,17
52,55,6.6,"u",70,40,17
52,55,6.6,"u",69,40,17
52,55,6.6,"u",68,40,17
52,55,6.6,"u",67,40,17
52,55,6.6,"u",66,40,17
52,55,6.6,"u",65,40,17
52,55,6.6,"u",64,40,17
52,55,6.5,"u",63,40,17
52,55,7.1,"u",62,40,17
52,55,6.3,"u",61,40,17
52,55,6.3,"u",60,40,17
52,55,6.3,"u",59,40,17
52,55,6.3,"u",58,40,17
52,55,6.3,"u",57,40,17
52,55,6.3,"u",56,40,17
52,55,6.3,"u",55,40,17
52,55,6.3,"u",54,40,17
52,55,5.8,"u",53,40,17
52,55,5.8,"u",52,40,17
52,55,5.8,"u",51,40,17
52,55,5.8,"u",50,40,17
52,55,5.8,"u",49,40,17
52,55,5.8,"u",48,40,17
52,55,5.8,"u",47,40,17
52,55,5.8,"u",46,40,17
52,55,5.8,"u",45,40,17
52,55,5.8,"u",44,40,17
52,55,5.8,"u",43,40,17
52,55,5.8,"u",42,40,17
52,55,5.8,"u",41,40,17
52,55,5.8,"u",40,40,17
52,55,5.8,"u",39,40,17
52,55,5.8,"u",38,40,17
52,55,6.3,"u",37,40,17
52,55,6.3,"u",36,40,17
52,55,6.3,"u",35,40,17
52,55,6.3,"u",34,40,17
52,55,6.3,"u",33,40,17
52,55,7.1,"u",32,40,17
52,55,7.1,"u",31,40,17
52,55,7.8,"u",30,40,17
52,55,7.1,"u",29,40,17
52,55,7.1,"u",28,40,17
52,55,7.7,"u",27,40,17
52,55,7.7,"u",26,40,17
52,55,7.7,"u",25,40,17
52,55,7.7,"u",24,40,17
52,55,7.8,"u",23,40,17
52,55,7.8,"u",22,40,17
52,55,7.8,"u",21,40,17
52,55,7.8,"u",20,40,17
52,55,7.5,"u",19,40,17
52,55,7.9,"u",18,40,17
52,55,7.7,"u",17,40,17
52,55,8.2,"u",16,40,17
52,55,7.8,"u",15,40,17
52,55,4.1,"u",14,40,17
52,55,4.1,"u",13,40,17
52,55,7.1,"u",12,40,17
52,55,7.1,"u",11,40,17
52,55,6.9,"u",10,40,17
52,55,6.9,"u",9,40,17
52,55,7.7,"u",8,40,17
52,55,6.9,"u",7,40,17
52,55,6.9,"u",6,40,17
52,55,7.2,"u",5,40,17
52,55,7.2,"u",4,40,17
52,55,7.3,"u",3,40,17
52,55,7.8,"u",2,40,17
52,55,8.2,"u",1,40,17
